customer_id,months_as_customer,age,policy_deductable,policy_annual_premium,capital-gains,capitalloss,incident_hour_of_the_day,number_of_vehicles_involved,bodily_injuries,witnesses,total_claim_amount,injury_claim,property_claim,vehicle_claim
10001,148,144,239,269,299,372,447,473,485,565,709,767,806,833
10002,136,112,230,280,320,329,354,467,458,523,739,779,833,813
10003,96,146,240,278,303,332,447,485,492,520,655,776,760,891
10004,117,122,163,242,255,393,404,428,471,536,666,792,768,874
10005,125,177,150,277,320,341,418,485,549,549,684,777,841,865
10006,54,180,400,245,294,385,421,452,463,562,653,785,783,875
10007,94,195,177,242,317,353,438,418,473,508,686,769,838,844
10008,132,199,156,249,302,367,440,423,510,586,737,782,755,848
10009,116,181,233,290,347,393,351,435,534,501,742,772,850,869
10010,113,123,172,229,256,360,389,472,481,567,656,769,769,809
10011,67,170,183,269,280,339,370,419,499,548,743,751,758,878
10012,141,113,245,288,255,399,416,438,470,598,720,782,769,822
10013,132,174,220,260,256,300,376,416,492,549,726,711,842,828
10014,91,170,237,230,293,311,428,403,513,554,686,717,755,868
10015,134,156,150,292,310,386,383,452,535,584,714,773,801,809
10016,112,125,168,230,265,317,408,495,499,566,746,721,765,831
10017,75,132,176,203,339,383,441,447,547,561,677,740,767,818
10018,129,127,205,219,270,346,370,480,481,529,702,780,836,842
10019,200,119,247,231,276,395,387,495,527,552,744,767,841,883
10020,60,120,191,270,265,305,418,445,462,522,686,769,791,812
10021,144,187,226,239,341,338,378,423,505,544,679,789,834,890
10022,100,152,178,228,315,325,392,483,529,526,720,717,787,849
10023,135,158,166,235,337,391,368,457,529,560,670,796,792,864
10024,124,167,186,234,291,398,385,453,476,532,745,751,786,892
10025,89,166,248,295,261,316,449,444,490,555,650,767,834,875
10026,113,111,197,285,278,369,390,453,460,541,697,744,799,807
10027,150,102,235,261,329,394,416,483,479,527,669,703,812,823
10028,148,300,195,252,301,346,392,493,536,564,732,708,780,820
10029,102,105,200,258,266,307,370,452,501,547,674,789,837,824
10030,133,135,249,256,284,351,417,411,538,524,745,700,826,858
10031,132,192,187,223,278,339,424,489,454,573,728,718,781,896
10032,146,103,242,300,275,300,392,405,477,598,738,718,768,833
10033,111,110,204,224,310,351,387,425,473,508,740,714,772,875
10034,102,159,187,295,254,374,392,478,465,581,713,738,815,816
10035,104,190,222,267,320,394,390,402,475,555,685,795,829,831
10036,80,122,216,218,273,347,399,436,492,598,733,707,804,871
10037,123,151,207,248,270,316,406,475,494,562,726,786,801,871
10038,124,142,162,204,285,380,352,434,472,567,735,740,791,892
10039,53,161,210,282,320,324,381,485,483,524,686,761,805,848
10040,117,149,234,234,348,355,416,498,511,572,732,709,848,810
10041,54,173,239,254,332,318,400,424,495,596,737,703,799,868
10042,89,200,239,203,308,341,399,500,451,574,742,758,800,864
10043,98,181,187,249,278,371,423,417,507,579,660,700,838,871
10044,112,172,237,251,297,316,445,485,478,516,714,762,818,829
10045,93,169,178,253,345,362,401,498,471,544,673,741,838,847
10046,73,179,247,300,312,353,411,421,474,598,672,750,833,805
10047,63,125,162,235,335,363,358,471,532,580,729,771,826,893
10048,118,194,194,269,257,335,379,430,500,536,652,701,787,890
10049,69,141,197,292,312,357,389,431,522,596,747,755,783,895
10050,109,166,187,204,274,308,449,431,467,551,737,768,762,884
10051,54,112,182,228,268,306,352,468,500,524,729,775,784,894
10052,72,161,193,250,256,340,396,437,454,527,702,747,802,865
10053,138,199,204,254,250,327,390,417,450,597,671,773,847,807
10054,75,123,205,215,273,371,360,416,495,530,715,797,778,872
10055,122,147,236,239,335,329,380,433,474,548,712,752,817,899
10056,106,143,237,238,294,346,372,455,478,587,699,760,827,848
10057,56,163,200,275,266,367,361,429,494,567,682,766,806,863
10058,106,102,171,251,252,325,370,497,539,560,699,735,804,813
10059,66,157,167,203,262,391,438,434,509,591,749,768,810,862
10060,145,187,205,242,257,353,416,401,531,549,713,753,795,811
10061,86,129,184,211,338,387,352,489,535,505,742,774,796,894
10062,82,159,198,213,281,384,422,446,700,543,671,767,845,818
10063,69,150,173,218,297,352,427,463,542,577,667,765,777,855
10064,143,168,160,292,272,332,405,492,502,554,722,792,811,843
10065,110,149,152,252,343,347,445,462,457,561,726,776,847,852
10066,137,127,225,500,340,371,376,475,455,523,703,754,832,855
10067,62,159,165,275,343,335,409,471,450,543,719,732,776,838
10068,67,186,217,288,327,383,431,487,482,564,684,779,812,815
10069,122,126,186,244,339,316,365,440,469,507,688,774,820,831
10070,73,175,247,295,321,362,379,434,541,516,742,757,769,814
10071,71,127,246,227,301,312,371,427,451,508,664,740,757,862
10072,116,153,162,270,265,327,441,482,518,550,733,715,769,826
10073,140,130,153,254,298,314,400,481,501,570,730,757,837,877
10074,104,143,236,285,304,361,352,481,508,575,708,788,813,851
10075,82,166,171,280,346,357,402,471,471,548,681,758,778,866
10076,100,134,236,236,281,311,444,425,509,511,719,705,805,863
10077,57,184,195,229,302,353,406,437,542,594,684,772,760,884
10078,80,186,163,210,349,382,422,500,546,501,663,772,761,883
10079,138,164,185,295,267,333,444,464,464,566,690,773,771,857
10080,75,109,179,300,262,326,417,472,497,508,687,757,758,861
10081,53,108,162,242,285,398,440,410,541,556,685,714,822,846
10082,66,199,159,245,261,380,391,489,516,502,692,700,826,801
10083,90,105,248,285,304,346,441,449,459,523,654,729,839,812
10084,53,190,200,292,293,305,370,409,511,555,673,750,751,848
10085,66,117,161,255,278,382,600,494,476,584,661,717,816,833
10086,134,138,153,284,260,359,356,449,478,507,709,749,796,832
10087,119,110,215,207,328,329,394,498,548,536,696,768,809,847
10088,71,138,215,246,266,399,418,483,481,563,652,786,793,875
10089,129,120,205,262,338,343,423,490,479,508,665,790,839,831
10090,142,198,238,251,600,387,353,431,495,540,712,743,787,855
10091,78,182,199,270,285,367,443,487,524,596,721,754,760,875
10092,148,195,237,215,279,349,434,493,473,595,718,726,762,881
10093,86,137,202,244,255,395,390,459,469,552,709,738,836,801
10094,110,188,158,209,339,350,421,458,510,509,745,714,845,838
10095,130,105,216,280,257,383,378,423,546,551,743,734,846,834
10096,127,108,195,238,318,309,408,470,471,511,734,738,767,802
10097,111,141,227,297,344,325,391,426,536,501,745,767,826,844
10098,110,130,247,234,315,300,377,424,539,585,739,789,775,853
10099,125,154,199,281,301,354,434,435,518,509,694,763,803,806
10100,51,186,192,290,304,331,366,454,468,524,706,770,777,831
10101,78,122,190,273,326,330,368,465,450,577,678,791,768,865
10102,67,186,236,297,326,353,396,446,538,595,701,755,774,882
10103,122,119,168,242,272,383,355,412,481,501,713,762,771,897
10104,109,192,158,258,290,353,440,489,524,567,719,737,833,813
10105,136,162,206,295,265,373,369,430,499,506,745,769,824,805
10106,92,118,226,243,303,304,399,403,452,502,742,800,838,832
10107,124,148,247,233,287,344,354,461,481,512,691,750,812,823
10108,94,170,207,291,251,371,404,436,545,543,688,730,761,857
10109,57,126,151,262,312,700,386,477,455,571,749,783,798,887
10110,91,138,246,290,316,387,374,401,514,587,667,753,808,834
10111,104,158,240,286,266,358,413,489,491,579,667,701,783,865
10112,112,117,166,241,338,397,427,413,544,500,669,766,789,883
10113,92,179,224,245,307,354,414,468,521,553,685,720,815,845
10114,142,188,152,293,330,387,401,489,473,595,688,776,846,820
10115,66,110,167,241,317,309,358,459,529,559,671,748,826,836
10116,56,140,168,232,304,367,375,463,480,569,699,702,844,840
10117,119,103,184,299,307,362,403,417,490,600,686,796,757,887
10118,58,147,180,293,306,386,425,432,543,500,701,768,828,878
10119,52,149,173,202,289,301,428,414,538,587,748,744,788,837
10120,89,119,203,213,284,375,406,449,472,561,684,753,830,883
10121,129,124,243,219,295,325,360,441,466,546,747,786,784,884
10122,90,165,185,211,331,332,431,456,505,531,651,749,758,886
10123,127,117,244,227,270,362,356,421,476,523,653,710,844,855
10124,57,123,226,249,291,388,450,490,540,592,719,743,790,832
10125,54,194,192,262,269,387,368,400,499,526,714,720,785,869
10126,56,177,201,210,296,372,397,493,536,514,657,748,780,865
10127,128,193,204,227,314,372,401,412,518,589,654,776,779,875
10128,121,162,217,227,341,366,362,442,546,512,698,703,829,865
10129,145,117,204,248,290,353,403,468,455,505,735,762,806,811
10130,134,170,174,212,297,344,434,484,486,561,721,787,751,896
10131,141,114,205,219,293,315,431,415,470,504,709,767,784,852
10132,62,127,202,281,310,374,426,421,480,538,720,788,764,814
10133,112,112,202,241,314,387,430,419,474,578,750,792,788,877
10134,144,123,221,202,321,391,377,447,501,568,746,785,809,818
10135,59,110,156,201,348,365,415,455,514,595,705,728,808,825
10136,94,174,188,206,266,388,354,600,491,513,732,720,790,824
10137,102,197,214,241,262,371,381,412,459,514,750,750,845,894
10138,60,163,209,294,343,316,380,476,506,584,674,762,774,857
10139,112,186,159,247,301,319,362,428,504,578,749,786,800,800
10140,87,169,185,207,278,373,386,444,549,502,691,785,828,801
10141,57,101,240,259,348,378,449,440,480,579,746,728,842,822
10142,108,198,198,214,277,400,370,493,463,504,660,726,751,824
10143,96,178,165,270,299,377,436,430,453,550,702,732,755,866
10144,85,114,155,224,253,325,430,414,480,528,697,793,801,827
10145,119,180,217,249,304,320,396,458,539,527,711,773,791,897
10146,83,199,243,222,307,382,355,408,532,503,709,727,754,834
10147,95,126,227,252,309,362,356,455,456,554,651,751,821,845
10148,127,187,170,277,306,314,437,485,522,596,656,766,761,863
10149,98,124,195,254,295,375,433,482,503,567,733,741,769,842
10150,146,128,186,214,277,343,411,403,504,512,679,707,832,840
10151,75,191,187,223,267,364,369,415,545,582,713,788,771,809
10152,126,164,228,235,327,322,407,431,460,517,727,737,794,859
10153,119,178,197,268,308,379,351,466,500,540,717,800,824,804
10154,146,100,153,280,300,335,420,420,485,592,717,731,830,893
10155,103,136,153,269,320,326,350,404,476,571,707,787,781,804
10156,87,107,166,202,319,340,384,419,528,541,654,711,770,876
10157,73,185,246,284,324,300,392,414,533,552,682,788,773,839
10158,87,115,229,224,325,359,364,454,465,559,681,745,849,884
10159,127,132,210,289,295,400,415,473,538,558,692,703,785,855
10160,65,102,195,242,269,308,358,438,470,598,710,784,775,895
10161,137,111,237,217,277,397,427,417,540,521,662,745,837,806
10162,141,108,198,249,282,349,449,465,485,545,653,772,759,863
10163,122,118,250,265,302,326,442,466,510,581,712,766,782,874
10164,70,195,167,248,261,359,424,464,518,593,723,773,769,889
10165,85,102,192,267,263,329,357,490,483,522,739,744,781,821
10166,59,102,182,245,265,382,437,421,537,524,691,787,776,876
10167,129,123,242,221,307,347,423,462,531,560,732,737,773,860
10168,114,130,165,209,326,389,432,487,459,553,750,728,762,850
10169,131,120,230,250,265,354,390,447,496,578,741,799,789,875
10170,84,142,223,204,328,307,430,498,535,551,671,728,840,817
10171,91,171,246,271,334,339,409,467,480,508,739,706,812,860
10172,60,151,205,210,346,366,374,437,491,566,720,781,848,895
10173,123,116,196,240,289,307,376,442,506,521,700,767,810,826
10174,50,194,195,265,321,385,398,430,450,525,681,765,828,845
10175,67,105,217,298,305,372,416,419,487,517,749,776,831,886
10176,107,102,235,262,334,355,369,486,513,531,701,746,812,856
10177,104,109,165,236,275,350,441,500,456,582,701,768,800,826
10178,138,137,212,226,332,395,368,487,473,560,678,740,812,820
10179,78,117,210,210,285,400,431,473,482,526,717,751,800,899
10180,92,123,165,218,345,365,392,468,532,584,720,791,805,825
10181,57,190,177,243,269,367,385,465,466,546,688,765,820,837
10182,122,115,226,206,250,363,358,441,519,515,717,735,757,840
10183,119,157,232,204,284,400,424,471,454,582,710,738,770,832
10184,85,196,213,261,266,324,402,499,545,504,697,770,795,851
10185,106,131,173,287,329,368,413,440,508,583,653,712,846,829
10186,90,188,169,212,345,324,389,463,458,750,700,731,791,865
10187,70,116,161,237,294,329,370,421,488,595,664,722,795,889
10188,100,123,192,278,252,350,437,427,503,545,690,710,838,898
10189,65,139,172,290,270,395,447,444,537,539,724,783,832,863
10190,141,131,237,218,277,314,426,414,537,598,656,745,791,800
10191,119,199,216,280,282,310,436,466,471,569,655,728,769,871
10192,122,144,160,245,306,400,379,442,514,597,678,745,772,811
10193,107,200,208,251,291,369,442,474,488,554,708,792,825,821
10194,87,135,186,233,278,336,363,470,491,580,748,708,766,873
10195,106,160,209,294,303,301,450,401,451,523,750,738,787,895
10196,57,199,193,207,340,381,379,403,510,516,698,705,846,851
10197,106,162,195,217,318,373,429,422,543,578,663,717,839,834
10198,130,103,192,287,295,373,412,476,481,579,676,749,813,851
10199,113,177,158,263,281,311,433,432,531,557,670,762,821,821
10200,150,187,212,204,327,364,424,448,467,555,667,711,790,875
10201,99,195,158,251,271,380,401,416,533,561,654,775,837,849
10202,130,145,214,213,345,322,442,492,478,551,744,799,780,876
10203,72,166,228,256,317,380,357,423,503,530,729,742,761,834
10204,111,116,162,258,307,344,421,410,454,589,732,787,830,877
10205,55,158,177,255,341,336,385,434,529,516,664,766,843,859
10206,130,189,205,292,281,338,354,500,452,542,658,785,814,800
10207,138,180,157,269,344,372,415,422,468,583,659,771,767,862
10208,90,111,158,236,252,393,396,455,523,563,673,709,844,888
10209,88,177,178,240,267,363,440,434,502,567,672,727,789,874
10210,132,182,155,248,268,308,373,465,533,515,678,772,783,830
10211,99,147,239,240,302,383,365,491,521,582,702,766,826,803
10212,97,168,220,269,324,353,383,488,489,508,733,710,812,900
10213,67,131,218,291,336,343,437,406,491,520,694,766,814,839
10214,73,197,250,247,287,319,353,401,457,524,726,729,752,828
10215,75,112,230,236,252,366,448,485,510,593,735,782,784,852
10216,122,182,187,294,319,398,388,486,548,596,707,793,769,808
10217,55,151,238,235,272,310,378,497,517,573,705,752,756,819
10218,122,168,221,258,305,363,365,437,533,544,679,721,765,840
10219,62,178,203,206,273,306,431,493,508,507,701,729,794,824
10220,144,106,207,238,319,342,408,436,496,588,727,781,762,813
10221,114,119,229,257,320,385,448,447,493,502,664,797,777,871
10222,126,175,235,244,286,378,403,460,544,550,725,728,828,879
10223,124,122,158,277,327,318,400,480,471,501,717,778,824,837
10224,96,155,162,268,256,342,352,474,517,554,680,784,840,873
10225,77,180,237,270,292,312,395,416,496,570,726,715,795,859
10226,76,151,227,248,251,341,373,464,529,528,667,771,821,815
10227,85,135,157,286,311,380,388,405,519,518,661,772,825,804
10228,101,104,161,292,312,362,366,438,535,540,665,741,830,859
10229,133,112,156,254,309,387,428,444,519,537,673,744,843,806
10230,98,135,212,267,275,360,450,477,453,597,675,744,772,873
10231,59,147,154,276,320,350,374,414,485,530,718,761,800,900
10232,95,102,186,222,320,374,418,421,499,570,723,768,816,853
10233,150,113,226,276,278,359,364,448,486,509,702,766,769,813
10234,148,147,203,251,303,394,430,432,490,597,717,736,767,875
10235,88,150,157,213,275,367,420,439,478,543,736,700,830,850
10236,121,123,236,241,318,381,383,481,535,569,722,796,804,895
10237,102,139,239,254,325,384,394,434,516,595,719,727,798,872
10238,97,131,186,287,281,335,373,453,496,535,662,718,814,857
10239,137,154,243,254,274,314,393,429,481,532,684,701,798,892
10240,60,158,249,281,284,322,396,408,513,509,718,775,779,862
10241,92,191,198,268,256,352,381,428,513,508,678,757,776,836
10242,131,122,227,277,255,355,390,455,529,551,720,709,774,836
10243,91,192,210,292,342,328,364,457,452,565,742,741,820,870
10244,57,197,150,291,252,375,394,451,457,512,743,761,806,858
10245,64,113,181,218,280,317,439,438,545,594,731,717,788,885
10246,86,188,215,228,330,351,383,403,524,547,723,713,834,805
10247,131,116,213,268,333,365,406,455,454,551,725,765,771,868
10248,66,146,201,258,336,391,430,414,539,506,672,729,802,861
10249,74,162,242,231,271,324,419,439,482,560,692,725,847,805
10250,77,200,226,216,325,390,431,475,460,574,706,746,822,824
10251,71,193,193,274,332,340,366,455,521,519,675,799,827,832
10252,115,156,171,278,295,362,431,404,507,582,727,703,800,867
10253,89,150,191,235,342,311,411,417,459,539,678,710,848,823
10254,140,169,199,212,330,317,421,479,511,567,651,735,794,847
10255,64,153,236,236,262,320,414,477,488,525,700,729,780,851
10256,129,174,245,291,301,306,359,438,475,517,653,800,814,863
10257,118,156,247,252,270,389,441,484,477,573,731,712,789,893
10258,55,118,191,288,258,342,422,434,506,590,733,726,811,889
10259,59,178,197,241,263,320,361,476,468,521,652,738,782,865
10260,92,174,162,245,297,377,431,500,466,568,721,780,825,801
10261,94,120,227,229,272,325,443,433,512,505,677,791,817,877
10262,104,119,223,261,299,369,435,413,513,506,721,722,828,852
10263,142,139,155,285,278,378,442,478,503,512,732,768,847,831
10264,119,109,221,200,313,393,430,464,524,547,682,744,750,898
10265,130,138,236,219,268,306,405,404,550,581,740,773,785,827
10266,64,198,162,210,279,337,366,439,511,515,750,775,805,899
10267,145,161,166,287,300,383,392,424,495,514,732,756,755,881
10268,62,127,228,264,348,305,395,430,528,574,689,773,843,803
10269,113,106,152,202,270,361,363,466,468,500,732,774,815,844
10270,80,166,236,244,252,400,431,435,456,554,684,778,784,890
10271,105,152,157,206,266,334,404,422,530,572,677,761,778,800
10272,117,101,173,249,329,348,378,466,523,536,672,700,803,899
10273,146,126,235,271,318,378,357,481,460,535,688,791,832,843
10274,83,113,223,257,254,338,412,497,466,550,721,777,804,891
10275,78,157,186,224,294,369,415,424,535,545,750,753,802,886
10276,69,160,160,283,326,370,440,493,525,582,728,799,841,894
10277,140,189,163,236,295,330,394,403,488,508,651,716,801,801
10278,62,181,212,201,268,330,424,454,502,522,650,728,778,874
10279,140,186,231,246,344,321,421,400,522,535,678,782,777,848
10280,128,133,229,231,284,367,447,491,492,555,673,744,757,899
10281,73,162,150,212,336,302,409,405,513,576,743,795,772,881
10282,115,188,207,234,252,359,371,441,531,525,747,725,792,816
10283,78,107,218,284,272,309,441,493,468,508,714,773,758,889
10284,63,128,178,215,343,350,358,449,497,600,744,781,770,832
10285,117,161,243,226,303,313,384,402,532,563,740,732,778,860
10286,118,171,167,265,325,372,387,480,479,600,658,727,810,834
10287,58,154,189,205,322,388,381,485,547,578,674,721,790,846
10288,70,195,190,226,258,388,386,419,468,503,748,782,792,853
10289,59,189,190,244,312,358,444,465,546,571,651,761,834,837
10290,99,199,180,299,271,369,432,406,514,598,685,774,847,821
10291,103,197,226,206,303,332,387,482,515,519,749,729,769,848
10292,94,171,237,212,345,395,429,416,468,524,689,746,829,829
10293,73,137,159,210,324,329,365,459,472,511,671,700,761,865
10294,98,149,217,276,299,344,393,417,473,587,672,747,847,842
10295,53,189,175,250,280,392,447,480,523,561,716,725,780,883
10296,103,176,153,244,306,375,357,481,480,593,731,712,810,898
10297,105,146,239,226,332,349,370,469,489,581,656,752,826,877
10298,141,159,200,241,289,381,377,464,479,565,723,713,788,842
10299,108,157,225,261,300,304,356,417,458,517,656,747,834,834
10300,114,113,228,222,277,355,372,491,499,570,709,717,754,889
10301,109,191,208,221,304,388,422,437,524,537,693,747,842,854
10302,149,171,213,213,324,395,429,440,546,584,678,757,788,838
10303,122,144,187,287,311,301,397,407,543,504,745,748,758,824
10304,100,143,156,255,251,316,440,485,530,587,699,728,776,803
10305,146,177,233,293,271,391,423,492,477,541,664,719,789,888
10306,72,169,203,217,264,310,383,451,503,502,657,744,820,891
10307,98,143,223,259,257,370,419,416,516,537,660,749,828,864
10308,103,199,167,271,269,322,416,424,462,511,732,724,750,811
10309,130,167,182,240,307,323,416,495,510,534,694,759,786,867
10310,118,139,242,225,267,344,428,426,540,584,684,765,833,822
10311,90,117,179,251,306,318,435,447,455,501,685,704,841,897
10312,128,124,208,241,295,337,366,430,533,504,693,774,837,800
10313,52,107,177,268,260,369,448,410,526,506,730,740,837,844
10314,82,100,176,264,327,383,358,421,505,522,700,760,820,896
10315,82,143,171,202,257,326,433,412,538,578,703,724,755,859
10316,61,175,221,284,334,326,417,406,493,598,696,738,807,855
10317,51,125,211,243,337,364,430,485,538,538,711,784,759,894
10318,56,101,170,274,294,346,398,427,476,576,684,791,754,823
10319,119,139,177,223,264,358,426,431,533,524,709,765,778,808
10320,62,175,243,233,279,313,403,414,477,552,671,743,768,857
10321,141,180,208,222,327,347,379,421,463,516,701,719,845,808
10322,119,175,175,234,283,386,440,440,478,515,684,765,838,812
10323,143,147,234,211,293,354,412,433,453,522,667,755,783,815
10324,84,153,173,265,345,400,384,472,524,518,711,742,817,825
10325,98,167,227,234,337,373,396,445,522,554,701,773,809,894
10326,89,119,234,265,350,338,365,492,477,556,710,717,783,810
10327,73,200,225,203,289,351,379,461,531,588,693,714,785,814
10328,101,178,247,286,349,386,371,476,521,579,744,720,835,879
10329,90,101,232,292,276,318,411,428,455,594,725,752,784,885
10330,60,130,152,239,316,335,363,496,466,575,651,756,763,892
10331,130,124,229,203,320,349,396,434,485,538,716,760,840,817
10332,103,100,193,220,287,331,404,405,541,593,672,719,797,848
10333,59,200,231,295,304,302,368,485,527,577,654,723,769,857
10334,104,160,199,275,302,320,391,414,506,566,688,709,820,808
10335,69,148,183,281,287,341,368,407,494,594,750,703,839,822
10336,51,140,164,243,322,351,361,415,471,516,664,734,783,859
10337,130,154,184,204,330,316,432,472,549,539,712,757,805,838
10338,134,117,232,274,284,315,388,422,512,505,659,772,783,852
10339,123,151,223,288,326,310,380,409,515,574,729,759,807,859
10340,56,176,250,300,328,394,425,469,538,598,743,734,819,805
10341,92,113,214,288,331,340,365,475,527,592,677,729,832,899
10342,132,134,202,276,343,315,382,487,490,527,727,759,790,829
10343,100,200,200,274,306,373,416,494,537,594,735,702,821,854
10344,136,186,179,226,280,315,416,413,469,532,689,735,751,891
10345,123,184,227,237,336,374,364,464,548,558,684,769,758,831
10346,139,174,202,271,250,358,409,404,543,509,733,752,787,817
10347,124,153,211,279,335,332,429,449,511,506,680,754,780,889
10348,145,174,249,213,322,354,425,444,471,514,749,787,813,871
10349,135,135,161,212,273,362,436,493,459,575,720,785,813,844
10350,148,117,235,286,336,335,368,448,456,521,710,784,754,825
10351,138,112,156,253,264,324,432,481,515,583,664,711,846,849
10352,62,100,169,292,302,373,440,470,538,538,708,778,765,802
10353,98,105,206,271,332,384,382,435,534,530,734,778,837,886
10354,123,171,233,290,350,353,421,409,521,511,745,754,789,846
10355,136,116,179,222,346,301,436,466,545,536,742,761,767,885
10356,79,102,239,277,308,315,358,476,538,516,699,706,761,823
10357,57,176,150,232,310,344,350,404,475,531,716,724,833,876
10358,112,199,233,222,302,398,397,480,512,538,745,791,792,814
10359,76,131,155,267,350,374,404,418,491,555,670,768,787,844
10360,82,111,221,289,286,375,355,462,514,512,670,777,836,838
10361,81,194,206,290,274,311,437,435,459,527,734,745,797,844
10362,142,138,201,285,345,374,411,422,517,530,728,726,829,887
10363,80,110,152,268,292,370,357,487,483,524,657,708,797,869
10364,99,161,241,298,315,344,403,421,457,546,707,772,821,857
10365,121,166,247,293,252,310,436,492,545,542,692,720,834,850
10366,93,131,241,243,329,337,366,481,473,503,689,708,845,881
10367,95,105,246,203,271,345,431,444,524,565,734,756,810,876
10368,121,164,184,299,324,313,364,423,509,589,677,732,752,891
10369,72,146,236,265,343,347,440,429,544,577,725,790,811,870
10370,91,128,247,265,342,326,350,480,537,573,722,792,796,836
10371,122,170,244,276,271,390,423,438,483,581,657,706,754,822
10372,52,191,210,202,275,339,377,423,497,531,683,768,769,852
10373,92,192,203,239,268,329,402,488,513,549,734,771,757,829
10374,51,153,189,218,261,396,407,465,504,534,690,704,823,822
10375,117,200,198,270,265,306,363,480,532,506,678,777,826,881
10376,50,156,193,215,314,325,389,436,453,500,651,777,813,802
10377,97,177,161,257,332,360,422,472,499,505,718,708,836,806
10378,57,103,196,211,349,374,402,454,469,520,701,774,772,820
10379,60,101,160,206,281,373,403,472,521,574,724,729,824,860
10380,97,113,173,270,324,345,424,492,477,573,740,791,790,814
10381,56,112,229,227,298,304,353,484,543,551,671,769,822,816
10382,144,150,217,265,257,381,439,430,532,559,664,786,822,884
10383,148,194,154,296,306,336,432,462,479,559,726,747,806,851
10384,150,174,198,220,276,370,374,430,521,562,668,788,838,815
10385,141,161,210,284,333,372,350,443,485,595,682,741,769,831
10386,91,184,171,274,270,314,403,408,484,597,743,776,795,816
10387,89,164,219,236,261,313,442,409,518,583,742,790,820,898
10388,93,198,162,226,267,353,410,495,519,505,708,722,752,816
10389,89,119,203,295,314,328,415,498,524,595,723,736,782,868
10390,74,188,209,234,267,383,368,438,456,598,900,721,847,899
10391,52,163,239,215,326,364,395,400,509,507,710,720,761,832
10392,85,108,227,276,330,318,393,426,461,558,705,778,803,868
10393,57,117,211,272,299,323,381,453,452,526,733,740,755,878
10394,132,131,222,264,317,314,393,409,525,542,717,707,765,839
10395,77,125,204,208,256,361,431,460,509,586,686,720,807,883
10396,138,110,159,267,338,317,363,479,545,569,703,720,820,890
10397,103,192,193,258,267,398,390,494,489,502,722,773,751,857
10398,86,123,231,283,349,330,442,400,451,549,693,800,767,899
10399,137,132,191,235,267,324,416,409,540,582,696,782,800,873
10400,52,176,202,212,263,344,419,491,463,521,746,792,772,876
10401,101,114,215,254,277,359,423,424,492,546,709,721,768,823
10402,73,167,246,298,275,323,356,419,530,529,687,762,842,859
10403,105,159,247,210,343,316,364,488,516,598,665,780,826,808
10404,109,148,203,274,291,365,369,430,478,532,669,739,766,853
10405,62,145,245,266,350,366,369,441,474,585,731,720,827,883
10406,99,162,225,253,286,354,398,421,540,518,665,702,841,825
10407,120,128,230,288,297,330,370,424,478,532,714,738,825,862
10408,90,104,186,219,284,311,429,491,475,544,709,740,795,817
10409,55,187,234,292,269,341,450,427,518,582,727,798,838,883
10410,129,143,247,218,321,394,413,474,483,571,688,782,838,871
10411,52,105,241,291,303,354,439,498,455,589,668,702,792,830
10412,51,178,228,230,265,376,398,482,495,591,726,738,829,817
10413,50,124,195,300,333,389,405,477,463,596,706,779,754,817
10414,57,187,239,218,278,342,388,456,520,520,689,785,842,859
10415,144,133,229,283,308,351,373,467,533,563,728,733,789,814
10416,117,140,214,251,320,324,380,494,511,543,702,707,786,819
10417,106,192,186,246,276,340,429,478,470,592,733,782,842,879
10418,88,132,203,261,333,350,422,456,537,563,678,719,782,900
10419,78,188,244,286,274,378,395,480,494,578,652,731,773,809
10420,69,157,180,256,348,306,408,443,506,503,651,720,820,894
10421,109,149,153,262,267,353,384,428,473,566,666,715,781,827
10422,122,146,228,248,271,386,434,433,505,520,724,714,760,815
10423,143,140,184,218,272,312,391,437,471,591,677,729,822,863
10424,95,143,214,279,282,355,419,487,544,588,651,794,842,863
10425,54,140,249,248,267,393,358,491,499,588,731,787,833,879
10426,90,106,195,213,288,368,415,443,502,598,709,745,838,831
10427,140,101,245,273,326,347,447,412,477,539,715,741,799,845
10428,128,178,243,242,274,387,417,451,528,589,710,701,779,873
10429,73,116,185,273,270,308,445,431,531,589,696,741,847,896
10430,93,104,231,259,326,358,379,459,485,566,736,749,776,846
10431,146,135,203,241,260,333,416,450,486,584,682,777,771,840
10432,98,132,246,210,269,350,416,473,462,500,732,739,803,878
10433,139,175,202,282,291,353,350,401,451,526,708,789,773,874
10434,96,158,188,231,322,382,358,418,457,524,704,720,815,884
10435,70,131,172,232,323,371,400,492,501,577,650,799,828,846
10436,55,197,152,262,308,316,433,407,455,509,726,799,783,826
10437,110,141,236,241,291,363,396,447,481,583,716,781,760,888
10438,137,109,198,289,304,304,395,418,499,536,705,763,830,849
10439,55,186,214,213,266,349,422,425,461,569,676,758,789,894
10440,103,198,205,203,263,309,441,408,537,537,673,710,759,851
10441,141,190,159,218,263,329,391,445,463,537,659,718,782,832
10442,113,102,230,279,296,314,368,412,531,589,662,784,810,855
10443,126,180,227,241,310,370,443,480,494,595,680,752,817,897
10444,101,182,231,263,344,336,400,477,501,516,696,720,781,894
10445,52,161,248,292,281,339,361,429,509,567,731,729,794,852
10446,141,185,222,295,327,328,392,431,521,556,678,703,788,865
10447,120,168,179,203,304,352,351,493,503,556,740,747,776,867
10448,72,130,248,239,329,342,397,410,507,515,704,777,764,881
10449,66,109,242,244,287,359,419,439,465,566,730,747,830,829
10450,129,152,200,228,341,394,388,450,495,542,694,766,818,897
10451,145,106,218,251,320,385,410,406,525,588,656,758,803,804
10452,72,196,183,262,276,305,416,415,454,522,664,756,785,845
10453,77,183,243,217,292,323,408,476,520,533,654,722,824,869
10454,110,156,163,207,298,330,429,412,496,584,707,782,764,858
10455,85,102,217,221,289,318,399,432,520,518,671,767,837,869
10456,93,172,200,239,345,382,450,447,544,587,701,733,789,820
10457,140,131,218,253,323,322,429,401,488,515,735,774,835,896
10458,75,169,184,270,328,320,365,500,454,522,725,744,776,859
10459,84,156,160,215,345,387,387,407,531,500,667,761,763,800
10460,51,108,194,256,255,338,392,489,513,517,735,724,824,859
10461,145,111,173,247,301,347,377,415,484,510,651,757,760,842
10462,83,171,177,226,306,382,443,436,549,539,656,776,823,900
10463,85,148,204,201,275,314,404,475,511,587,724,773,815,891
10464,103,160,162,279,331,377,435,436,528,546,718,740,803,895
10465,118,115,158,207,339,312,408,465,521,531,728,752,805,875
10466,77,153,200,228,298,397,413,415,523,587,655,768,759,874
10467,142,173,221,272,314,325,361,436,488,557,698,782,847,834
10468,100,184,166,296,273,316,415,459,499,528,698,739,766,842
10469,97,163,231,292,254,340,444,411,501,546,695,754,812,804
10470,124,140,243,246,343,318,361,460,531,593,682,774,763,846
10471,62,171,250,229,321,392,428,401,532,547,746,792,814,867
10472,150,187,230,233,251,386,367,472,545,545,706,714,810,837
10473,113,154,247,262,290,382,421,496,511,526,715,720,795,892
10474,65,179,232,243,348,336,391,410,467,571,708,748,767,835
10475,64,124,250,238,333,355,404,400,457,594,692,713,830,894
10476,59,118,191,212,252,344,404,442,523,563,736,707,751,848
10477,101,115,172,255,350,349,355,478,483,541,679,726,764,884
10478,61,132,192,295,257,327,367,495,515,526,700,746,771,839
10479,119,124,212,236,274,397,403,464,466,553,667,701,847,897
10480,109,145,166,217,313,390,360,461,481,546,653,788,779,894
10481,113,131,157,259,306,383,420,400,504,553,721,767,818,828
10482,96,197,203,299,309,343,381,484,480,514,748,769,821,824
10483,71,172,169,256,277,361,415,429,497,510,748,731,827,898
10484,138,154,249,250,341,400,380,500,516,586,707,716,846,843
10485,59,197,183,270,296,319,400,473,481,511,717,723,844,817
10486,84,156,220,263,330,365,395,437,534,509,729,722,843,832
10487,79,130,173,250,316,341,409,486,505,598,677,751,845,879
10488,148,179,219,252,348,309,369,466,460,515,747,725,823,807
10489,74,152,212,212,309,320,355,464,494,558,736,735,799,889
10490,92,115,192,256,256,319,363,471,458,594,672,796,785,824
10491,115,187,153,269,263,341,422,471,481,568,662,792,757,874
10492,112,189,186,276,309,310,380,403,534,583,704,780,840,871
10493,101,168,232,259,286,399,446,450,485,577,680,722,798,832
10494,91,198,206,219,339,312,377,494,502,581,673,725,789,831
10495,64,142,198,278,270,307,361,494,505,600,731,771,837,814
10496,95,162,225,291,330,392,407,415,501,555,711,767,824,831
10497,77,130,175,270,303,302,422,412,519,510,747,705,800,853
10498,57,129,209,290,252,362,377,402,545,543,659,778,790,864
10499,96,135,229,246,260,365,430,486,535,583,692,770,782,843
10500,105,156,209,215,315,352,362,491,488,512,667,779,752,888
10501,128,169,216,280,267,316,445,455,451,549,655,774,802,886
10502,146,183,220,297,292,324,416,479,538,570,713,729,789,851
10503,100,191,208,234,284,356,368,464,490,546,709,727,838,885
10504,123,161,165,291,343,365,375,495,463,542,739,700,802,863
10505,55,183,164,211,289,385,433,453,524,550,733,737,850,878
10506,147,116,183,261,324,314,413,406,493,506,671,706,801,836
10507,74,115,164,271,259,339,370,489,494,522,728,792,758,834
10508,146,122,235,287,257,375,387,461,516,563,680,756,831,837
10509,144,134,206,222,272,341,364,438,471,507,685,706,763,815
10510,127,160,192,241,312,303,439,460,529,522,748,743,829,810
10511,141,144,227,220,304,375,377,407,550,571,676,773,799,822
10512,73,143,228,278,312,323,403,405,451,573,710,720,843,869
10513,122,120,189,266,286,319,420,488,525,566,728,760,797,830
10514,69,150,244,239,289,329,419,403,508,600,664,740,803,822
10515,109,153,166,270,260,374,382,409,457,557,711,795,832,810
10516,51,158,199,293,321,302,369,474,481,567,725,765,846,829
10517,82,108,215,246,296,368,415,499,484,511,721,704,765,850
10518,116,113,211,235,327,392,381,410,495,579,680,746,812,843
10519,75,193,161,223,292,399,390,498,500,597,711,782,800,863
10520,134,115,208,238,294,300,400,464,540,595,698,731,837,813
10521,56,181,206,269,344,360,382,463,510,532,682,753,782,879
10522,147,103,168,263,252,322,423,481,463,596,660,763,790,800
10523,75,192,173,217,281,374,404,499,531,536,737,713,763,873
10524,82,111,220,251,344,395,417,489,488,562,679,760,757,832
10525,85,159,233,268,288,383,420,481,488,509,728,716,845,835
10526,113,171,161,278,304,327,403,481,468,552,726,733,766,850
10527,141,165,235,250,326,319,351,468,528,504,680,793,786,844
10528,52,105,181,214,270,389,397,472,520,564,709,742,784,847
10529,73,123,166,255,321,366,438,422,466,560,748,741,750,826
10530,120,122,233,213,332,368,397,480,463,515,666,711,786,823
10531,149,159,204,200,342,345,442,499,526,532,721,770,847,856
10532,62,110,220,227,294,338,389,419,500,547,653,790,769,895
10533,139,121,242,273,348,323,406,475,544,577,731,737,800,862
10534,134,150,176,268,289,396,400,404,516,517,717,798,848,873
10535,140,160,172,204,318,301,383,475,539,539,690,725,777,837
10536,116,143,224,288,295,380,361,417,550,548,668,752,758,875
10537,72,173,224,278,301,304,411,486,460,569,713,714,794,807
10538,72,108,171,234,343,374,437,404,544,592,726,717,790,822
10539,116,143,215,261,297,390,429,494,453,592,710,776,771,832
10540,72,141,153,277,281,358,434,431,483,588,743,781,839,867
10541,95,134,211,269,259,328,424,446,457,546,687,789,782,846
10542,109,185,202,282,332,363,409,496,543,572,737,760,841,860
10543,67,183,187,254,337,373,358,490,466,533,720,729,832,886
10544,64,200,210,287,266,375,376,425,466,585,706,711,847,819
10545,148,117,229,237,312,388,394,435,496,543,718,781,760,867
10546,113,183,189,239,326,323,446,427,514,506,745,767,814,837
10547,54,117,164,227,271,382,355,443,467,541,682,766,829,800
10548,104,155,242,245,339,301,396,437,466,513,659,746,826,812
10549,81,126,211,266,275,362,370,408,548,507,705,706,819,842
10550,133,166,218,233,281,355,394,496,505,582,720,727,763,826
10551,123,188,165,221,286,331,406,454,517,516,668,777,816,881
10552,68,146,196,221,266,374,406,409,469,581,689,736,766,851
10553,99,153,170,237,290,366,444,410,516,538,707,735,811,872
10554,145,135,155,293,307,306,363,473,526,527,723,733,848,897
10555,80,193,210,257,254,349,390,460,470,586,680,787,818,836
10556,82,107,217,230,311,337,442,446,545,539,730,728,841,892
10557,96,177,237,258,287,331,374,470,528,589,658,711,784,813
10558,133,186,225,277,259,313,360,482,486,514,672,733,752,853
10559,51,113,221,224,346,334,358,467,496,512,700,744,755,815
10560,107,190,242,263,349,360,374,414,458,588,746,741,835,839
10561,119,188,193,249,337,389,412,489,494,528,718,722,831,802
10562,97,165,151,276,254,331,373,489,450,588,695,734,828,861
10563,99,124,198,274,328,320,397,472,545,588,717,718,787,879
10564,109,172,191,256,343,367,429,472,524,504,662,722,810,805
10565,65,180,232,285,278,363,381,466,479,544,666,770,830,809
10566,125,166,206,296,335,394,392,412,453,547,705,721,790,835
10567,56,103,197,237,282,356,393,418,487,504,738,778,767,854
10568,140,194,183,247,292,370,397,450,457,542,662,792,806,809
10569,109,182,184,233,348,344,434,402,452,589,714,727,844,891
10570,96,125,168,254,337,319,432,497,465,545,704,750,821,819
10571,70,135,239,294,298,374,360,473,458,578,696,778,773,900
10572,71,137,162,288,300,376,404,457,493,584,744,722,751,863
10573,92,148,213,221,318,307,404,454,516,512,741,714,754,861
10574,140,137,205,280,316,310,426,486,467,573,678,716,832,828
10575,51,110,225,237,324,367,448,443,544,588,695,780,813,841
10576,74,145,245,257,300,302,420,438,520,567,745,732,770,891
10577,150,132,166,259,251,344,384,430,497,549,713,799,780,892
10578,92,189,249,295,308,309,432,411,540,591,695,776,849,807
10579,106,106,208,227,330,357,351,414,497,550,745,739,850,849
10580,72,115,241,280,330,327,397,406,549,574,728,713,752,840
10581,118,196,157,284,274,305,410,415,491,552,718,774,774,856
10582,75,158,224,280,341,359,448,498,490,529,671,740,750,878
10583,139,181,151,216,277,316,388,492,521,571,735,729,825,802
10584,90,195,226,293,313,390,360,484,450,518,699,790,834,800
10585,58,120,180,245,292,345,434,446,486,590,683,773,836,873
10586,50,135,171,230,252,342,436,444,528,549,659,705,828,877
10587,128,183,162,271,281,348,410,487,466,558,750,764,752,865
10588,92,177,167,241,321,366,420,461,488,599,650,709,756,810
10589,53,111,212,259,274,382,450,471,502,593,688,724,787,835
10590,143,156,207,262,263,359,369,486,482,579,664,746,801,871
10591,76,118,229,228,277,386,374,499,542,548,688,781,817,822
10592,80,152,153,246,266,382,391,462,530,545,668,740,842,867
10593,93,110,245,258,314,327,405,482,510,500,747,739,823,855
10594,76,200,239,237,324,316,435,405,480,515,653,768,830,814
10595,96,166,212,232,317,349,378,474,495,555,721,719,787,833
10596,139,163,190,259,324,332,364,430,519,599,735,728,759,871
10597,144,139,185,268,259,356,399,436,489,511,657,728,795,893
10598,101,136,205,289,329,342,445,431,480,590,739,773,752,811
10599,74,127,150,227,280,328,440,460,462,553,702,727,848,872
10600,92,138,208,228,281,318,444,431,479,526,652,777,773,859
10601,101,112,242,297,340,353,404,412,548,577,747,757,803,866
10602,143,158,223,297,295,391,446,426,546,531,668,707,822,856
10603,54,198,244,290,332,397,436,428,459,569,729,752,775,809
10604,150,177,155,200,326,337,387,481,483,503,736,704,804,804
10605,78,189,242,213,264,349,393,417,481,518,686,763,763,810
10606,52,103,236,232,274,373,383,466,521,509,704,785,765,855
10607,145,199,180,278,255,340,425,430,465,595,712,721,779,821
10608,81,135,179,276,289,329,382,468,504,589,673,747,787,875
10609,65,130,245,298,345,377,435,425,517,507,688,767,849,830
10610,86,122,165,244,269,348,392,444,462,521,673,714,818,800
10611,140,191,212,238,257,304,381,419,461,509,720,741,845,830
10612,105,190,178,250,330,400,389,445,481,531,676,770,756,855
10613,100,138,184,246,344,399,409,438,522,506,716,730,784,853
10614,125,167,208,220,304,326,449,436,490,557,749,757,752,815
10615,100,144,171,226,317,326,394,494,457,526,718,740,758,881
10616,119,162,186,242,342,347,448,481,543,575,690,724,827,882
10617,149,130,207,257,257,338,394,434,537,517,701,793,786,900
10618,61,169,246,248,274,349,424,407,518,508,696,702,801,808
10619,97,176,217,298,264,393,378,455,515,507,690,775,826,814
10620,120,126,223,296,326,353,408,408,455,598,667,764,776,892
10621,92,170,209,244,313,314,362,431,500,581,749,747,850,852
10622,91,120,159,286,292,370,351,442,489,600,660,748,799,804
10623,111,173,164,287,318,328,411,430,478,596,654,790,763,882
10624,61,102,249,298,327,308,428,473,464,584,689,737,798,807
10625,95,190,237,230,338,390,362,488,465,518,655,730,835,841
10626,74,126,163,293,320,349,419,466,504,595,653,777,789,817
10627,104,143,209,284,288,319,391,482,527,596,673,734,841,839
10628,149,179,172,262,330,369,388,483,485,519,710,766,842,875
10629,77,192,178,299,314,367,406,445,516,567,664,751,845,832
10630,126,129,196,295,293,323,407,406,451,587,709,735,779,829
10631,70,150,159,200,254,311,407,415,458,557,683,708,768,848
10632,65,153,238,243,335,394,352,428,466,552,747,726,775,823
10633,143,176,161,204,291,312,414,420,525,584,704,770,824,869
10634,103,105,203,216,257,380,418,458,537,523,739,707,820,835
10635,82,198,246,226,318,305,398,401,528,557,713,794,810,852
10636,120,126,159,214,257,365,383,461,477,528,666,792,790,875
10637,106,163,242,294,336,306,402,487,479,518,726,757,784,821
10638,137,132,223,235,319,300,408,419,505,552,689,754,849,869
10639,100,147,157,290,256,337,387,488,463,504,701,799,813,897
10640,149,115,158,256,253,356,387,448,495,597,748,734,808,871
10641,99,136,174,261,277,304,439,430,450,539,695,701,817,891
10642,55,135,207,226,322,350,350,482,473,572,684,781,785,806
10643,117,140,173,282,271,369,420,407,482,562,732,790,771,860
10644,141,100,176,239,329,360,386,479,487,502,686,785,834,877
10645,57,163,204,254,348,326,399,442,472,543,731,795,795,819
10646,71,188,195,210,335,359,402,498,528,545,741,760,751,870
10647,93,196,172,272,336,331,390,451,472,507,650,773,751,892
10648,112,139,238,216,268,351,358,474,453,558,742,794,800,815
10649,143,154,248,235,275,391,383,444,485,588,704,759,800,805
10650,129,151,178,287,341,307,390,446,494,504,695,798,806,878
10651,102,159,191,251,281,336,426,461,513,556,716,794,838,809
10652,67,179,216,209,333,346,395,429,546,546,743,793,815,867
10653,86,188,249,293,306,323,446,484,488,533,735,712,815,825
10654,85,157,235,223,333,342,385,438,507,536,747,729,779,854
10655,115,127,178,286,259,376,365,430,538,526,691,758,787,891
10656,71,113,248,250,298,388,417,464,503,583,683,762,839,892
10657,63,194,214,285,343,362,450,444,471,542,663,774,755,811
10658,96,168,202,208,348,311,405,450,507,599,712,741,781,816
10659,67,181,186,221,335,345,370,405,485,555,680,743,793,886
10660,71,110,229,211,347,396,434,423,479,502,659,764,806,872
10661,69,138,188,237,319,358,431,444,471,532,727,705,809,826
10662,142,103,209,203,309,361,397,465,540,523,661,717,801,847
10663,110,157,196,276,281,308,368,493,455,514,741,790,849,894
10664,79,129,179,252,254,315,385,415,461,520,674,733,770,813
10665,50,167,175,293,266,345,428,480,523,594,715,736,757,879
10666,129,156,222,237,315,400,448,448,525,531,681,800,824,827
10667,101,101,242,256,256,385,399,449,458,538,652,707,765,823
10668,146,186,211,230,296,352,435,469,548,539,678,747,784,810
10669,52,162,237,281,305,393,369,498,484,521,712,734,803,820
10670,132,158,162,268,328,325,351,478,479,575,670,784,822,838
10671,56,199,185,210,297,387,433,422,479,578,691,708,773,840
10672,107,174,216,259,292,320,357,454,504,538,655,799,784,877
10673,141,145,212,216,338,306,403,475,531,507,652,769,752,822
10674,58,107,212,280,259,392,428,452,537,540,669,771,799,858
10675,77,135,186,298,320,386,405,445,477,558,709,771,779,805
10676,107,198,230,222,283,357,359,450,482,572,662,750,798,817
10677,127,117,236,272,294,383,445,423,537,565,734,723,751,813
10678,82,127,228,212,348,352,377,410,486,521,745,797,832,824
10679,50,127,223,274,338,393,376,461,472,537,668,765,796,810
10680,52,134,219,277,336,304,368,401,550,579,675,718,784,801
10681,149,186,193,287,275,366,444,416,457,590,685,711,829,810
10682,79,192,167,275,294,380,384,419,490,518,737,748,828,847
10683,95,119,156,232,266,325,385,472,519,520,695,709,787,871
10684,97,118,226,270,281,347,360,459,495,558,742,776,771,810
10685,50,183,197,226,334,340,427,472,547,502,675,772,761,812
10686,147,156,217,258,264,370,450,497,509,508,685,753,828,818
10687,56,158,236,269,254,308,379,415,512,566,683,755,845,814
10688,73,187,245,225,262,306,357,472,497,541,733,768,772,834
10689,132,100,197,229,327,394,371,463,538,515,683,781,768,804
10690,74,108,162,276,340,394,351,404,456,546,696,763,758,853
10691,96,151,245,300,349,384,402,479,452,526,676,736,833,865
10692,119,191,192,242,278,332,388,498,509,593,660,702,816,830
10693,135,193,209,211,278,371,374,403,533,587,730,729,801,849
10694,146,149,153,239,274,360,397,489,504,506,742,795,781,847
10695,93,147,220,262,333,308,420,430,539,576,668,744,816,858
10696,103,150,191,256,290,307,356,412,494,581,727,767,820,845
10697,130,111,222,204,328,358,446,473,539,569,714,755,768,800
10698,97,126,177,222,281,360,399,425,477,501,694,762,774,874
10699,50,164,172,246,291,315,445,416,539,556,655,791,813,881
10700,74,175,227,235,278,381,364,417,514,503,697,710,766,850
10701,130,163,163,284,331,317,402,404,502,559,683,779,849,824
10702,67,170,217,300,346,367,436,445,496,551,681,749,844,883
10703,93,155,189,220,256,305,383,480,513,545,739,741,816,845
10704,51,195,214,229,344,395,423,403,504,507,702,708,846,818
10705,50,147,234,275,342,347,445,486,466,583,713,800,813,881
10706,137,166,165,243,266,392,428,485,464,555,750,702,843,861
10707,99,131,157,259,277,374,444,414,500,540,661,749,846,854
10708,76,129,246,223,267,367,430,437,455,582,704,710,766,887
10709,129,190,242,273,278,334,408,402,481,563,722,731,794,813
10710,64,174,205,275,256,363,402,474,535,500,748,710,786,811
10711,130,121,237,282,327,367,421,414,520,557,670,712,840,847
10712,115,170,225,219,275,332,359,417,495,520,727,727,825,870
10713,50,166,168,296,292,350,389,404,473,555,728,754,803,858
10714,108,183,193,261,273,390,388,477,493,578,673,900,782,883
10715,86,198,210,203,281,386,436,406,532,569,717,733,775,865
10716,112,154,231,214,270,397,401,423,477,541,654,732,804,810
10717,73,200,200,202,269,321,429,420,465,511,741,765,782,900
10718,77,153,230,292,342,381,386,408,510,506,697,723,773,838
10719,144,139,166,257,274,301,368,419,526,514,685,761,812,875
10720,106,118,247,210,283,397,354,418,488,545,736,747,812,802
10721,57,124,190,220,332,310,370,406,530,536,724,727,833,863
10722,63,136,247,224,273,383,397,406,463,545,713,721,751,881
10723,77,144,204,230,278,367,363,448,518,507,650,713,791,873
10724,123,145,241,272,315,318,392,406,501,520,722,703,809,884
10725,75,117,207,267,316,333,373,446,532,565,686,715,838,838
10726,89,151,214,232,324,317,403,497,485,540,683,773,812,877
10727,80,139,225,251,252,340,366,498,479,501,661,709,823,819
10728,65,118,176,247,320,366,375,441,499,542,651,785,839,807
10729,114,105,248,300,306,371,382,412,547,597,655,790,843,820
10730,68,100,176,300,344,363,396,409,500,586,724,778,766,804
10731,113,142,183,254,350,344,368,423,463,501,651,750,845,868
10732,90,128,247,281,338,332,370,459,479,549,663,709,829,833
10733,62,144,214,270,335,330,420,493,481,597,693,785,753,850
10734,61,160,215,298,343,355,361,441,495,521,691,756,774,898
10735,95,108,174,227,306,370,406,410,472,536,725,746,813,871
10736,103,138,201,229,277,380,382,462,542,544,680,793,756,837
10737,57,120,165,264,310,321,443,408,462,554,741,701,797,828
10738,51,148,170,211,258,314,445,410,534,545,660,799,838,804
10739,138,118,166,240,257,343,416,496,544,537,683,703,835,896
10740,91,128,197,238,268,362,447,413,457,514,742,791,804,851
10741,81,197,166,279,330,322,380,433,524,564,662,746,832,817
10742,126,104,176,274,324,384,425,409,545,549,653,722,766,863
10743,126,183,184,248,250,308,417,408,472,532,748,723,811,891
10744,94,137,169,225,281,386,422,411,508,575,661,741,841,883
10745,71,112,187,273,266,351,364,484,498,556,678,790,809,850
10746,138,176,190,214,275,400,432,440,548,548,675,790,817,809
10747,146,160,236,257,338,363,400,428,465,544,697,731,831,808
10748,146,118,224,274,334,375,404,406,522,587,739,730,805,832
10749,72,195,152,238,287,348,402,410,507,533,739,747,773,800
10750,120,160,247,224,313,364,444,452,533,526,749,723,823,842
10751,65,170,232,274,333,313,412,447,506,583,666,722,798,811
10752,83,185,204,294,327,329,435,406,452,506,739,769,804,869
10753,105,168,216,274,320,390,396,466,464,585,684,743,832,844
10754,88,114,168,209,255,333,400,458,508,527,719,757,768,841
10755,80,173,194,284,275,325,438,403,540,559,665,763,835,846
10756,63,128,209,216,344,350,421,444,450,578,713,798,824,864
10757,138,121,221,218,300,309,375,459,544,553,731,713,808,833
10758,135,104,249,233,264,308,357,421,529,504,745,782,822,834
10759,79,189,233,237,301,327,370,483,450,538,686,747,835,807
10760,81,199,151,254,332,366,418,480,547,511,741,723,781,838
10761,128,193,207,298,323,363,350,459,530,504,657,706,789,875
10762,86,120,154,296,254,345,407,423,549,517,666,791,839,803
10763,61,132,195,239,270,338,380,438,507,535,728,723,834,826
10764,86,117,162,202,277,313,362,487,550,590,666,729,801,863
10765,104,159,201,256,331,398,360,417,464,556,742,718,761,821
10766,88,144,223,205,331,381,396,448,508,588,686,714,823,891
10767,137,102,216,203,262,388,378,424,543,551,731,769,817,823
10768,77,171,173,224,340,386,371,465,506,528,690,703,798,800
10769,143,101,165,254,315,320,365,402,467,570,694,763,827,873
10770,62,117,206,274,273,315,407,419,522,532,717,746,794,809
10771,102,129,247,233,341,359,402,490,450,563,667,718,781,839
10772,69,103,209,240,307,335,404,480,483,582,650,720,824,810
10773,79,194,249,300,337,334,351,400,543,597,742,728,782,879
10774,82,169,237,279,267,331,441,414,474,593,720,788,801,835
10775,58,189,168,256,328,311,417,434,539,500,724,759,800,898
10776,77,152,182,242,260,347,357,419,488,546,744,753,788,856
10777,146,154,175,259,296,385,432,439,484,538,666,792,776,823
10778,127,173,234,276,338,337,442,432,452,590,674,729,847,831
10779,90,140,196,279,281,388,415,492,490,597,674,761,789,884
10780,118,121,168,212,341,382,358,444,488,513,681,720,796,830
10781,79,164,197,201,284,336,431,414,521,549,700,741,793,809
10782,66,152,204,270,299,345,382,488,526,541,674,717,821,823
10783,77,125,183,289,318,307,369,457,506,554,715,728,806,869
10784,55,155,227,289,318,374,409,456,494,589,673,759,839,863
10785,55,170,174,288,299,321,358,429,494,511,686,796,816,897
10786,115,130,198,241,320,341,417,463,453,567,732,704,757,873
10787,88,169,188,266,284,307,359,462,523,540,722,768,823,846
10788,122,103,158,248,320,305,395,431,533,596,723,756,781,883
10789,91,123,180,248,318,351,393,438,535,571,694,751,839,815
10790,140,156,175,290,286,375,431,440,521,556,676,726,847,820
10791,98,123,192,222,311,308,362,473,505,503,683,748,785,847
10792,57,140,237,286,284,327,446,419,526,573,690,751,842,857
10793,123,191,191,222,262,346,394,442,519,588,728,781,814,885
10794,102,199,228,279,315,331,371,442,542,561,724,729,825,835
10795,134,134,202,265,331,303,441,490,544,548,656,711,792,883
10796,116,178,171,272,253,304,400,426,491,554,738,764,817,858
10797,95,186,185,286,297,373,388,464,536,578,689,775,826,806
10798,130,166,207,224,283,357,383,464,527,525,659,717,830,871
10799,98,182,190,272,261,358,435,401,527,582,745,792,753,889
10800,87,187,158,252,287,319,363,495,482,566,722,789,762,829
10801,63,149,235,265,302,394,394,461,464,511,710,741,751,886
10802,54,114,156,220,292,321,381,434,471,540,745,788,846,803
10803,75,183,170,299,284,315,417,452,457,575,683,791,841,855
10804,103,167,154,232,328,357,444,460,484,523,681,736,816,817
10805,96,199,208,279,287,329,442,441,524,561,726,778,829,832
10806,128,168,202,245,300,374,440,455,454,516,704,785,780,805
10807,107,143,189,248,284,380,361,404,510,565,674,718,806,849
10808,86,181,172,231,291,380,385,416,472,524,690,754,795,861
10809,68,147,203,248,316,315,374,442,542,535,750,793,752,862
10810,144,173,230,293,262,394,393,455,517,582,671,715,814,810
10811,58,161,241,279,311,326,414,428,537,527,723,725,805,824
10812,124,160,157,226,281,389,362,444,467,518,720,784,816,817
10813,84,112,197,203,321,344,364,410,486,598,666,782,814,853
10814,66,181,210,297,327,376,424,445,452,550,662,729,848,800
10815,149,153,156,207,270,391,361,409,512,534,722,774,777,865
10816,89,195,223,253,328,387,429,415,463,529,693,733,758,811
10817,142,123,235,236,342,329,365,408,450,595,666,779,755,843
10818,70,106,165,253,280,355,409,461,510,550,693,736,833,864
10819,117,141,175,222,312,316,354,403,497,555,689,775,787,822
10820,71,128,199,228,263,365,383,408,506,545,717,767,835,895
10821,124,139,158,220,281,379,440,474,470,558,729,746,826,851
10822,63,123,157,254,278,379,351,478,480,500,692,797,841,893
10823,80,167,182,207,315,310,401,483,523,597,731,715,759,812
10824,101,142,225,255,254,335,372,449,463,554,730,774,775,869
10825,54,138,203,203,253,366,384,455,537,516,740,775,814,850
10826,117,135,215,246,345,352,430,500,467,558,699,745,809,806
10827,128,197,205,265,334,338,434,404,495,547,650,724,764,860
10828,130,191,234,286,277,326,406,484,477,536,666,782,795,866
10829,139,118,205,257,287,389,397,496,537,593,657,777,752,844
10830,129,199,175,202,294,351,383,401,512,565,721,761,830,807
10831,54,165,153,214,264,340,391,446,450,510,702,760,848,845
10832,103,167,194,250,298,339,389,476,465,537,731,780,817,886
10833,110,144,220,201,349,361,436,444,473,563,725,719,784,812
10834,109,146,207,251,324,339,367,475,505,551,716,743,776,865
10835,91,112,206,213,331,306,429,428,522,508,657,771,827,815
10836,112,159,225,280,284,307,400,458,546,562,667,761,791,834
10837,107,127,174,273,281,326,446,456,513,592,724,706,792,863
10838,104,127,222,208,344,350,402,468,475,542,681,753,775,899
10839,83,138,215,206,283,389,401,407,501,540,731,763,828,869
10840,121,137,170,248,346,371,402,494,540,505,709,797,845,857
10841,141,126,155,251,273,344,373,414,503,558,741,795,783,861
10842,133,182,170,205,339,334,406,420,550,563,653,799,846,883
10843,72,150,196,233,324,305,376,498,468,553,711,726,800,884
10844,150,130,193,236,299,339,366,489,545,535,698,730,812,882
10845,114,157,159,212,307,310,440,467,499,532,694,772,837,818
10846,113,120,248,251,347,376,419,415,526,545,726,753,833,800
10847,54,178,235,269,344,303,406,486,473,538,717,719,824,843
10848,150,109,168,224,275,326,359,467,502,569,690,748,846,828
10849,57,150,224,298,283,341,406,474,530,573,704,725,810,845
10850,133,197,234,207,301,345,398,472,488,547,672,752,834,872
10851,115,174,229,259,301,332,396,403,542,501,696,777,838,801
10852,122,105,158,292,255,390,365,464,495,525,688,763,832,820
10853,112,138,210,232,346,354,435,464,529,580,731,773,802,886
10854,115,159,247,202,259,360,420,422,450,501,654,786,845,815
10855,77,137,166,251,320,346,381,488,473,541,735,744,836,884
10856,62,188,231,287,250,334,388,452,521,542,709,736,834,900
10857,109,129,239,206,275,357,417,404,533,515,658,715,832,865
10858,115,131,172,200,298,381,431,426,457,509,734,757,758,834
10859,79,186,181,202,259,337,359,467,482,556,666,744,833,834
10860,147,163,240,239,337,325,369,483,486,586,730,789,794,831
10861,52,152,198,274,289,397,397,439,491,598,724,711,765,863
10862,86,116,245,277,342,356,390,487,490,551,673,742,846,830
10863,90,193,236,266,349,334,383,412,536,587,676,710,814,873
10864,60,199,249,300,335,340,400,404,512,588,705,792,818,851
10865,56,169,155,294,260,345,446,423,543,514,654,773,797,830
10866,64,162,235,240,334,384,353,434,520,558,728,744,759,834
10867,93,154,168,210,253,324,365,480,484,573,675,749,834,882
10868,63,128,222,255,299,320,406,468,529,573,713,775,826,887
10869,137,199,160,245,259,400,410,433,547,553,709,762,750,848
10870,128,127,212,263,317,366,430,470,543,514,748,726,810,897
10871,83,104,206,225,332,312,350,500,520,573,668,766,767,804
10872,89,150,221,273,278,371,413,431,450,596,677,714,804,872
10873,143,193,177,254,287,369,356,429,475,501,673,708,842,846
10874,124,145,213,288,337,323,365,476,473,516,703,759,815,884
10875,125,163,211,236,263,339,407,495,454,513,732,713,806,880
10876,66,161,150,293,275,330,384,401,475,565,656,714,789,801
10877,86,133,165,262,263,314,380,451,534,552,733,724,784,873
10878,109,152,184,223,258,370,401,496,522,567,729,787,812,885
10879,92,104,162,250,330,319,402,442,465,510,744,704,788,842
10880,140,129,181,207,289,381,426,463,495,591,746,795,847,896
10881,56,119,212,246,276,350,356,475,461,587,743,734,812,815
10882,84,179,212,245,348,352,396,500,470,594,659,732,848,863
10883,73,138,241,216,281,388,399,416,541,594,734,740,807,831
10884,141,159,172,223,289,306,371,460,516,503,690,773,832,862
10885,77,123,200,298,301,370,415,455,454,590,727,759,845,829
10886,125,126,239,224,292,321,446,451,529,540,652,751,798,845
10887,131,155,155,231,306,343,434,447,510,515,702,768,822,840
10888,80,186,161,210,338,313,417,458,487,562,685,709,845,859
10889,143,198,161,211,282,399,385,406,505,575,664,798,817,864
10890,59,170,206,262,296,304,449,406,474,561,678,736,804,825
10891,58,169,193,277,295,376,430,437,529,579,715,727,787,872
10892,66,152,160,227,250,373,361,453,507,581,710,760,847,883
10893,76,177,166,238,347,384,391,437,473,501,694,758,803,869
10894,99,123,171,265,320,389,414,419,475,594,674,717,823,830
10895,105,154,250,234,319,316,440,475,518,559,736,788,751,899
10896,137,199,220,293,265,337,369,487,540,562,727,737,798,806
10897,65,181,162,278,324,396,400,458,461,519,656,773,761,892
10898,67,105,240,251,307,379,436,438,530,544,729,700,833,835
10899,97,150,243,216,336,389,417,495,474,513,669,723,1000,835
10900,118,194,225,247,347,306,374,443,451,538,702,708,839,871
10901,94,172,186,282,306,386,401,416,492,565,691,773,769,892
10902,65,145,246,223,335,312,416,426,477,536,748,781,845,846
10903,69,153,211,260,293,302,420,419,513,511,656,800,765,845
10904,77,183,218,285,257,328,444,484,468,510,732,706,784,862
10905,67,178,199,204,295,376,433,430,486,508,733,752,811,857
10906,108,175,212,288,312,383,427,407,522,560,715,719,816,838
10907,86,188,193,225,304,394,377,409,490,576,726,734,814,887
10908,87,192,217,238,284,366,354,430,466,530,728,713,834,886
10909,51,125,194,210,272,397,428,485,476,565,705,796,766,892
10910,124,104,172,236,296,332,358,404,550,519,718,751,762,896
10911,79,101,232,226,294,362,396,402,522,578,660,761,794,815
10912,77,104,236,280,316,356,373,458,475,553,707,753,814,849
10913,144,177,169,235,331,301,409,429,500,564,669,791,820,827
10914,81,118,160,213,342,301,427,420,533,551,748,706,767,832
10915,87,183,171,248,320,313,393,417,527,546,664,758,847,830
10916,111,130,186,277,322,386,393,437,524,517,682,712,833,869
10917,70,199,240,219,347,382,440,402,455,565,675,718,765,870
10918,88,174,237,281,340,360,355,404,495,546,732,732,818,839
10919,68,127,150,219,259,383,368,406,533,547,703,798,760,821
10920,63,122,170,221,308,337,375,459,525,549,686,783,833,834
10921,114,158,197,226,334,323,398,408,537,571,667,793,757,896
10922,126,176,210,246,273,302,406,420,511,562,727,761,816,847
10923,69,185,172,298,340,320,389,461,463,552,703,710,780,849
10924,144,107,190,288,344,305,398,453,515,550,734,779,823,862
10925,150,131,247,246,321,400,369,442,526,541,733,771,835,833
10926,146,164,193,289,270,342,354,454,471,600,717,773,816,824
10927,88,130,181,268,300,365,381,493,464,535,722,701,832,891
10928,91,116,170,209,264,321,407,444,468,543,693,779,784,887
10929,143,165,228,274,270,304,413,499,481,534,677,791,770,873
10930,84,105,191,299,340,357,417,476,514,568,670,752,750,850
10931,65,172,208,202,314,329,429,482,453,515,676,791,839,823
10932,64,195,168,205,290,373,358,478,509,593,729,780,761,803
10933,101,179,212,255,277,372,435,462,544,501,704,707,845,804
10934,63,145,177,246,331,341,352,496,521,593,666,728,843,815
10935,125,126,212,286,287,380,402,404,516,554,676,773,753,847
10936,100,124,195,223,337,386,383,471,536,557,673,754,811,899
10937,125,102,175,244,270,376,419,410,514,579,672,729,830,886
10938,54,132,180,287,343,332,442,472,491,565,682,747,838,860
10939,74,118,232,227,336,380,387,448,530,506,732,719,760,893
10940,62,106,247,266,302,389,445,486,493,553,678,750,834,896
10941,92,157,210,228,343,356,416,414,505,560,679,739,848,851
10942,77,183,173,258,311,331,392,475,518,576,677,748,792,870
10943,93,149,205,263,302,313,449,409,512,551,661,718,753,821
10944,56,141,248,283,340,304,350,458,506,518,681,790,828,880
10945,102,170,235,280,293,327,437,423,467,589,654,764,793,830
10946,56,171,212,264,321,329,431,405,478,584,725,716,816,842
10947,132,155,189,202,293,308,449,446,489,502,690,715,849,821
10948,63,101,211,216,325,324,447,488,469,532,650,777,811,889
10949,70,122,177,247,262,304,395,476,537,529,749,762,776,848
10950,75,188,167,240,300,342,397,467,458,574,658,712,794,822
10951,57,128,198,201,307,400,410,467,532,562,718,702,818,869
10952,97,143,224,225,341,345,365,402,466,537,697,741,839,887
10953,127,200,153,287,258,374,368,487,549,576,694,700,763,839
10954,59,181,185,237,340,389,445,425,460,538,711,712,774,812
10955,142,100,250,245,277,374,351,491,473,594,745,773,847,813
10956,131,151,234,225,306,398,402,480,497,578,659,778,847,840
10957,95,162,152,212,256,353,392,414,476,598,698,728,845,886
10958,148,101,167,216,305,381,385,460,513,523,719,741,815,847
10959,121,164,234,239,306,333,411,498,547,546,670,744,752,844
10960,78,125,249,273,286,376,380,467,537,526,688,771,837,827
10961,129,191,229,217,303,375,417,491,460,592,697,710,787,887
10962,50,111,216,243,296,335,403,405,539,543,734,741,763,893
10963,114,118,179,275,337,351,393,449,460,544,678,700,814,836
10964,128,150,199,296,305,398,391,437,548,596,740,774,788,869
10965,121,184,227,206,293,333,407,468,462,555,661,789,831,876
10966,51,154,216,258,320,371,403,486,509,530,734,727,799,864
10967,150,181,180,230,318,377,351,440,489,552,701,709,783,814
10968,148,150,226,203,290,391,418,479,483,600,679,756,800,845
10969,111,140,187,213,329,339,422,478,451,543,667,743,789,856
10970,125,140,185,228,327,359,407,456,457,523,745,744,838,802
10971,112,156,241,285,279,367,371,476,500,579,699,712,760,900
10972,59,177,203,218,329,349,368,468,506,589,653,710,773,870
10973,139,193,231,276,324,373,385,434,494,553,651,724,803,894
10974,126,178,214,255,289,368,375,429,547,580,711,797,779,885
10975,138,188,226,248,305,310,442,422,465,544,688,726,836,844
10976,58,189,223,243,282,357,420,449,490,583,700,746,779,878
10977,82,193,165,227,294,325,423,410,504,505,749,778,793,806
10978,103,147,235,283,320,304,376,468,454,562,689,770,766,803
10979,143,200,172,232,256,349,398,420,500,546,706,745,850,828
10980,108,152,214,226,276,324,419,410,472,514,709,725,806,877
10981,121,196,179,211,299,390,376,436,540,547,677,744,779,819
10982,123,181,227,261,279,328,401,407,523,555,703,717,793,884
10983,120,138,183,257,332,398,367,490,508,568,701,722,754,866
10984,50,126,212,202,334,364,447,421,478,583,660,799,782,834
10985,93,112,246,266,293,314,358,483,545,514,732,708,806,880
10986,73,179,190,255,334,390,434,479,531,500,659,709,829,857
10987,121,121,250,295,273,348,430,443,453,584,742,728,764,814
10988,133,114,167,245,290,304,396,469,503,525,663,773,782,1000
10989,122,144,188,255,267,350,397,457,509,581,674,784,793,809
10990,72,181,228,290,296,337,393,432,516,588,749,760,833,816
10991,72,115,228,247,258,302,391,415,494,548,739,720,756,817
10992,131,157,234,202,256,390,398,419,541,586,713,766,765,865
10993,67,132,231,299,301,348,411,471,519,522,683,785,821,877
10994,97,136,241,299,265,321,428,462,480,584,650,727,818,853
10995,110,116,166,248,282,347,447,484,539,554,743,764,768,896
10996,119,152,213,251,303,387,361,407,537,574,700,769,781,809
10997,100,156,222,288,299,400,373,415,544,528,707,772,755,876
10998,135,146,168,228,326,330,449,499,473,549,663,735,759,818
10999,79,189,217,237,306,362,415,420,545,544,701,738,802,887
11000,125,168,238,293,317,368,391,420,466,560,747,743,759,825
