customer_id,months_as_customer,age,policy_deductable,policy_annual_premium,x,capitalloss,incident_hour_of_the_day,number_of_vehicles_involved,bodily_injuries,witnesses,y,injury_claim,property_claim,z
10001,328,48,1000,1406.91,53300,0,5,1,1,2,71610,6510,13020,52080
10002,228,42,2000,1197.22,0,0,8,1,0,0,5070,780,780,3510
10003,134,29,2000,1413.14,35100,0,7,3,2,3,34650,7700,3850,23100
10004,256,41,2000,1415.74,48900,62400,5,1,1,2,63400,6340,6340,50720
10005,228,44,1000,1583.91,66000,46000,20,1,0,1,6500,1300,650,4550
10006,256,39,1000,1351.1,0,0,19,3,0,2,64100,6410,6410,51280
10007,137,34,1000,1333.35,0,77000,0,3,0,0,78650,21450,7150,50050
10008,165,37,1000,1137.03,0,0,23,3,2,2,51590,9380,9380,32830
10009,27,33,500,1442.99,0,0,21,1,1,1,27700,2770,2770,22160
10010,212,42,500,1315.68,0,39300,14,1,2,1,42300,4700,4700,32900
10011,235,42,500,1253.12,38400,0,22,1,2,2,87010,7910,15820,63280
10012,447,61,2000,1137.16,0,51000,21,3,1,2,114920,17680,17680,79560
10013,60,23,500,1215.36,0,0,9,1,1,0,56520,4710,9420,42390
10014,121,34,1000,936.61,52800,32800,5,1,1,1,7280,1120,1120,5040
10015,180,38,2000,1301.13,41300,55500,12,1,0,2,46200,4200,8400,33600
10016,473,58,2000,1131.4,55700,0,12,4,0,0,63120,10520,10520,42080
10017,70,26,1000,1199.44,63600,0,0,3,1,2,52110,5790,5790,40530
10018,140,31,500,708.64,53500,0,9,1,0,2,77880,14160,7080,56640
10019,160,37,500,1374.22,45500,37800,19,1,1,0,72930,6630,13260,53040
10020,196,39,2000,1475.73,57000,27300,8,3,2,0,60400,6040,6040,48320
10021,460,62,1000,1187.96,0,0,20,3,1,0,47160,0,5240,41920
10022,217,41,2000,875.15,46700,0,15,3,1,2,37840,0,4730,33110
10023,370,55,2000,972.18,72700,68200,20,3,0,0,71520,17880,5960,47680
10024,413,55,2000,1268.79,0,31000,15,1,2,2,98160,8180,16360,73620
10025,237,40,1000,883.31,0,53500,6,1,1,3,77880,7080,14160,56640
10026,8,35,2000,1266.92,0,0,16,3,1,3,71500,16500,11000,44000
10027,257,43,2000,1322.1,0,29200,4,1,1,3,9020,1640,820,6560
10028,202,34,500,848.07,31000,30200,5,1,2,1,5720,1040,520,4160
10029,224,40,2000,1291.7,0,55600,21,1,1,0,69840,7760,15520,46560
10030,241,45,2000,1104.5,0,0,5,1,2,2,91650,14100,14100,63450
10031,64,25,1000,954.16,53200,0,22,4,0,0,75600,12600,12600,50400
10032,166,37,2000,1337.28,27500,0,10,3,2,2,67140,7460,7460,52220
10033,155,35,1000,1088.34,81100,0,16,3,2,3,29790,3310,3310,23170
10034,114,30,1000,1558.29,51400,64000,1,3,1,2,77110,14020,14020,49070
10035,149,37,500,1415.68,0,0,17,1,0,1,64800,10800,5400,48600
10036,147,33,1000,1334.15,53300,49200,15,1,2,0,53100,10620,5310,37170
10037,62,28,1000,988.45,0,0,3,1,1,1,60200,6020,6020,48160
10038,289,49,2000,1222.48,0,0,16,1,1,1,5330,1230,820,3280
10039,431,54,2000,1155.55,65700,0,4,3,2,0,62300,12460,6230,43610
10040,199,37,500,1262.08,48500,0,4,1,0,3,60170,10940,10940,38290
10041,79,26,500,1451.62,0,55700,19,1,2,2,40000,8000,4000,28000
10042,116,34,500,1737.66,0,24100,1,1,1,1,97080,16180,16180,64720
10043,37,23,500,1475.93,0,67400,17,3,1,0,51660,5740,5740,40180
10044,106,30,500,538.17,49700,60200,23,1,2,2,51120,5680,5680,39760
10045,269,44,2000,1081.08,36400,28700,14,1,0,2,56400,11280,11280,33840
10046,265,40,1000,1454.43,0,0,17,3,2,3,55120,6890,0,48230
10047,163,33,500,1240.47,35300,0,11,3,1,1,77110,0,14020,63090
10048,355,47,2000,1273.7,0,0,19,3,2,1,62800,6280,6280,50240
10049,175,34,1000,1123.87,0,0,5,1,2,0,7290,810,810,5670
10050,192,35,1000,1245.89,0,40300,19,1,0,0,76600,15320,7660,53620
10051,430,59,2000,1326.62,0,0,19,3,0,3,81800,16360,8180,57260
10052,91,27,2000,1073.83,0,0,4,1,1,2,7260,1320,660,5280
10053,217,39,1000,1530.52,0,0,8,1,2,1,4300,430,430,3440
10054,223,40,500,1201.41,88400,46500,7,3,1,0,70510,12820,12820,44870
10055,195,39,1000,1393.57,47600,39600,5,1,0,1,2640,480,480,1680
10056,22,26,1000,1276.57,71500,0,3,1,1,2,78900,15780,7890,55230
10057,439,56,500,1082.49,36100,55000,12,3,2,3,56430,0,6270,50160
10058,94,32,1000,1414.74,0,0,19,1,1,3,2400,300,300,1800
10059,11,39,2000,1470.06,56600,45800,22,1,0,1,65790,7310,7310,51170
10060,151,36,2000,870.63,94800,58500,12,3,1,1,62920,11440,5720,45760
10061,154,34,500,795.23,36900,0,15,3,2,1,69480,15440,0,54040
10062,245,44,1000,1168.2,69100,0,23,3,0,3,44280,7380,3690,33210
10063,119,32,1000,993.51,0,49500,12,1,0,3,56300,5630,11260,39410
10064,215,42,500,1848.81,0,49000,20,3,2,2,68520,11420,5710,51390
10065,295,42,2000,1641.73,62400,0,16,3,0,0,59130,6570,6570,45990
10066,254,39,500,1362.87,35700,0,6,3,2,2,82320,13720,6860,61740
10067,107,31,500,1239.22,43400,91200,12,1,0,1,89700,13800,13800,62100
10068,478,64,500,835.02,59600,0,17,3,1,1,33930,0,3770,30160
10069,128,30,1000,1061.33,43300,66200,8,1,0,3,68530,12460,6230,49840
10070,338,49,1000,1279.08,0,51500,13,1,0,1,4300,860,860,2580
10071,271,42,500,1105.49,56200,50000,12,2,2,3,68310,12420,6210,49680
10072,222,41,2000,1055.53,37800,50300,7,1,0,2,61290,6810,6810,47670
10073,199,41,1000,895.83,0,0,10,1,1,2,30100,3010,0,27090
10074,215,37,500,1632.93,0,42900,7,3,2,0,57120,9520,4760,42840
10075,192,40,1000,1405.99,0,0,18,3,1,0,42930,9540,4770,28620
10076,120,35,1000,1425.54,78300,0,22,3,2,0,51210,11380,5690,34140
10077,270,45,1000,1038.09,0,19700,18,3,1,1,89400,14900,7450,67050
10078,319,47,500,1307.11,0,0,22,3,0,2,59730,10860,10860,38010
10079,194,39,1000,1489.24,0,45000,15,1,2,2,8060,1240,1240,5580
10080,227,38,500,976.67,0,0,16,1,1,2,72200,14440,7220,50540
10081,137,31,2000,1340.43,52700,40600,6,3,1,2,50800,10160,10160,30480
10082,244,40,2000,1267.81,0,0,10,1,2,1,6600,660,1320,4620
10083,78,29,1000,1234.2,0,0,3,1,2,2,7500,750,1500,5250
10084,200,35,2000,1318.06,57300,80600,13,1,0,3,6490,1180,1180,4130
10085,284,48,2000,769.95,0,44200,16,2,2,3,60940,5540,11080,44320
10086,275,41,2000,1514.72,35700,0,13,3,0,1,58300,5830,11660,40810
10087,153,34,1000,873.64,800,0,9,3,2,1,68400,11400,11400,45600
10088,134,32,500,1612.43,36400,0,2,1,2,1,64240,11680,11680,40880
10089,31,36,2000,1318.24,0,78600,9,1,0,1,4700,940,470,3290
10090,41,25,1000,1226.83,0,56100,12,3,2,0,45120,0,5640,39480
10091,127,29,2000,1326.44,0,0,12,2,1,1,66950,10300,10300,46350
10092,61,23,2000,1136.83,0,62400,14,1,0,3,98340,8940,17880,71520
10093,207,42,2000,1322.78,55200,0,9,1,0,1,5900,590,590,4720
10094,219,43,1000,1483.25,90700,20800,3,3,1,1,70680,5890,11780,53010
10095,271,42,500,1515.3,0,0,21,3,1,0,93720,17040,8520,68160
10096,80,25,2000,1075.18,67700,58400,5,1,2,0,6930,1260,630,5040
10097,325,47,1000,1690.27,61500,0,11,1,0,3,72930,6630,6630,59670
10098,29,25,2000,1352.83,0,71700,4,4,1,2,64890,7210,7210,50470
10099,295,48,1000,1148.73,0,0,6,1,1,2,5400,900,900,3600
10100,239,42,1000,969.5,0,0,10,1,0,0,5600,700,700,4200
10101,269,41,500,1463.82,0,72300,23,1,0,0,79300,15860,15860,47580
10102,80,27,1000,1474.17,0,0,13,1,1,0,52800,10560,5280,36960
10103,279,41,500,1497.35,37300,31700,16,3,2,3,28800,0,3600,25200
10104,165,33,1000,1427.14,35300,58100,3,1,1,1,2970,330,330,2310
10105,350,54,500,1495.1,50500,0,15,3,0,0,93480,15580,7790,70110
10106,295,49,500,1141.62,34300,24300,4,1,1,3,4320,480,480,3360
10107,464,61,1000,1125.37,0,56400,6,3,0,2,79800,6650,19950,53200
10108,118,28,2000,1207.36,0,57000,22,2,1,0,74200,7420,14840,51940
10109,298,47,2000,1338.5,28800,0,1,1,0,0,70590,10860,10860,48870
10110,87,31,1000,1074.07,0,47500,16,3,0,3,60940,5540,11080,44320
10111,261,42,500,1337.56,0,0,18,1,1,2,74700,7470,14940,52290
10112,453,60,500,1298.91,52600,38800,0,1,0,0,70000,14000,7000,49000
10113,210,41,500,1222.75,0,41000,12,3,2,0,81070,14740,14740,51590
10114,168,32,1000,1059.52,0,40600,13,2,1,1,57720,14430,9620,33670
10115,390,51,2000,1124.38,0,0,9,1,1,1,7080,1180,1180,4720
10116,258,46,1000,1110.37,34400,56800,14,3,0,1,47700,4770,9540,33390
10117,107,31,2000,1374.22,62000,63100,16,1,0,3,51260,9320,9320,32620
10118,225,41,2000,1103.58,41200,36200,20,3,2,2,70400,6400,12800,51200
10119,164,38,2000,1269.76,44300,0,4,1,1,3,90000,18000,9000,63000
10120,245,39,500,964.79,58000,0,7,3,0,1,72820,13240,6620,52960
10121,255,41,2000,1167.3,0,0,22,1,2,0,69300,13860,13860,41580
10122,206,36,500,1625.45,0,53700,11,1,2,1,76560,12760,12760,51040
10123,203,38,500,1394.43,0,0,7,1,0,1,55440,0,6160,49280
10124,22,25,2000,1053.24,51100,0,0,4,1,0,77130,8570,17140,51420
10125,211,35,500,1040.75,0,0,1,1,1,1,42000,7000,7000,28000
10126,206,39,1000,1302.4,47200,69700,12,3,2,3,36300,3300,9900,23100
10127,166,38,2000,1588.55,59600,32100,8,1,0,0,40320,5760,5760,28800
10128,165,32,500,1399.26,70500,0,9,1,2,0,3960,330,660,2970
10129,274,43,2000,1352.31,40700,47300,22,1,0,3,63840,10640,10640,42560
10130,81,28,1000,1139,42400,0,0,3,1,2,44730,4970,4970,34790
10131,280,45,1000,1397.67,57900,0,0,3,1,2,84720,14120,14120,56480
10132,194,39,500,823.17,0,0,3,3,2,2,61500,6150,12300,43050
10133,112,27,500,965.13,60000,54800,21,3,0,1,51000,8500,8500,34000
10134,24,33,1000,1922.84,0,45200,0,1,2,1,46800,4680,9360,32760
10135,93,32,2000,1624.82,65300,65600,16,1,1,1,78120,17360,8680,52080
10136,171,34,2000,1277.25,84900,0,14,1,1,2,69200,13840,6920,48440
10137,200,40,1000,1439.34,45300,20400,9,1,0,0,3690,410,410,2870
10138,120,28,1000,1281.27,68900,0,9,3,0,3,65500,6550,6550,52400
10139,325,46,500,1348.83,46300,77500,21,3,1,2,76120,13840,6920,55360
10140,124,32,1000,1198.15,0,43200,19,3,0,2,73560,12260,12260,49040
10141,211,35,2000,1221.22,76000,0,2,1,0,1,52030,9460,4730,37840
10142,287,41,2000,968.74,0,49000,9,1,2,3,5170,470,940,3760
10143,122,34,1000,1220.71,58600,28700,5,1,2,1,8190,1890,1260,5040
10144,22,29,2000,1238.62,0,56200,14,1,2,3,70800,7080,14160,49560
10145,106,31,2000,1320.75,54100,0,20,3,0,3,45630,5070,5070,35490
10146,398,58,500,990.98,0,57900,18,1,2,1,99320,7640,15280,76400
10147,214,41,500,1398.51,0,57100,13,3,2,0,64000,12800,6400,44800
10148,209,38,500,1355.08,58100,0,21,1,1,1,47300,4730,4730,37840
10149,82,27,1000,1384.51,13100,38200,14,1,2,3,71680,8960,8960,53760
10150,193,41,500,847.03,0,0,1,1,1,0,112320,17280,17280,77760
10151,134,32,1000,1000.06,0,0,17,1,1,0,82720,7520,15040,60160
10152,288,45,1000,1046.71,0,0,4,3,2,1,48060,10680,5340,32040
10153,104,32,500,1158.03,31900,44600,23,3,1,3,63570,9780,9780,44010
10154,431,54,1000,1372.27,17600,0,13,3,2,3,63240,10540,10540,42160
10155,101,33,1000,1053.04,52000,44500,20,3,1,3,54240,9040,9040,36160
10156,375,50,1000,1275.39,0,0,16,1,2,3,37280,0,0,37280
10157,461,61,2000,1402.75,0,0,10,3,2,1,72100,7210,14420,50470
10158,428,59,500,1344.36,0,0,8,1,2,3,6500,1300,650,4550
10159,45,38,1000,1197.71,29000,0,17,3,2,0,78240,13040,13040,52160
10160,136,29,500,1203.24,62500,66900,9,1,2,0,6200,1240,620,4340
10161,216,36,1000,1152.4,39600,82400,0,1,2,3,6160,560,1680,3920
10162,278,48,2000,1142.62,0,54000,12,1,2,0,76050,11700,11700,52650
10163,295,48,1000,1332.07,49700,59100,20,2,2,1,86060,13240,13240,59580
10164,112,30,1000,1166.54,47700,59300,3,1,2,0,107900,10790,21580,75530
10165,122,34,500,1495.06,38100,31400,18,3,2,0,99990,18180,18180,63630
10166,108,29,1000,1337.92,71400,0,4,3,2,2,61380,11160,5580,44640
10167,14,28,2000,1587.96,0,26900,18,1,2,1,71280,12960,12960,45360
10168,298,45,1000,1362.29,0,51100,18,3,0,0,64000,12800,6400,44800
10169,276,46,500,1448.84,0,50000,7,1,0,1,5940,660,660,4620
10170,47,37,2000,1241.97,75400,0,18,1,1,0,6700,670,670,5360
10171,222,42,500,1124.6,0,0,23,3,0,0,51740,11940,7960,31840
10172,119,28,2000,1079.92,88800,0,1,1,0,1,53600,6700,6700,40200
10173,73,29,1000,1447.78,35100,59900,15,3,1,0,44910,4990,4990,34930
10174,8,31,500,1229.16,0,88300,2,3,0,2,48100,11100,7400,29600
10175,294,44,1000,1226.49,53900,0,3,1,0,1,6100,610,1220,4270
10176,324,46,2000,897.89,0,41300,13,1,1,0,79600,15920,15920,47760
10177,155,34,500,1706.79,0,0,1,1,1,1,77040,8560,8560,59920
10178,261,45,1000,1254.18,0,45100,16,1,0,1,62590,11380,11380,39830
10179,245,40,500,885.08,27000,58900,0,1,0,1,85150,13100,13100,58950
10180,235,39,500,1046.58,0,31700,1,1,2,1,4950,450,900,3600
10181,53,36,2000,1712.68,72200,0,17,3,2,0,51100,10220,5110,35770
10182,426,54,2000,1097.71,29600,22300,13,1,2,3,100800,16800,16800,67200
10183,111,27,500,1363.77,51100,0,12,1,2,3,90970,16540,16540,57890
10184,86,26,500,1382.88,0,30300,11,1,1,1,81840,14880,7440,59520
10185,296,46,1000,1141.35,0,0,18,1,0,2,54900,5490,5490,43920
10186,125,35,500,1054.83,0,51300,17,1,2,3,88660,8060,16120,64480
10187,177,34,2000,1057.77,0,57700,22,3,1,1,18000,2250,2250,13500
10188,238,39,2000,1488.02,0,39200,9,1,1,3,5500,1100,550,3850
10189,81,25,500,920.3,51000,67900,11,3,1,0,73920,13440,6720,53760
10190,128,28,1000,986.53,62700,0,11,1,0,2,101860,18520,18520,64820
10191,449,57,2000,1440.68,25000,0,8,1,0,1,5390,980,980,3430
10192,252,39,1000,1086.21,68500,57500,18,1,1,2,50490,5610,5610,39270
10193,359,47,2000,1367.68,0,0,13,1,0,3,55500,5550,11100,38850
10194,19,32,1000,1215.85,42900,90200,8,1,1,1,7040,1280,640,5120
10195,73,26,2000,1191.19,29300,0,9,3,0,1,40160,5020,0,35140
10196,285,44,1000,1594.45,0,0,17,2,2,3,55680,6960,6960,41760
10197,196,36,2000,1463.07,0,0,3,1,1,1,5300,530,530,4240
10198,223,43,500,1734.09,0,0,6,1,0,3,5200,650,650,3900
10199,328,48,500,1411.43,45100,32800,17,1,2,1,59400,5940,11880,41580
10200,285,43,2000,1512.58,47600,0,7,1,1,1,2520,280,280,1960
10201,30,31,2000,1153.35,0,0,9,1,2,1,5760,960,960,3840
10202,342,49,500,1722.95,63100,13800,3,1,2,0,76700,7670,7670,61360
10203,219,39,2000,1281.07,0,0,6,1,0,2,5920,740,740,4440
10204,468,62,500,1011.92,0,0,7,3,0,3,64350,7150,7150,50050
10205,241,39,2000,1042.26,0,0,21,3,1,2,19080,4240,2120,12720
10206,223,43,500,1235.1,66400,34400,14,1,2,1,54400,5440,5440,43520
10207,128,32,2000,768.91,0,39300,0,1,1,0,59800,5980,5980,47840
10208,124,29,500,1301.72,0,0,14,3,0,3,72000,7200,7200,57600
10209,343,48,500,1451.54,0,0,13,4,2,3,65070,7230,14460,43380
10210,404,53,500,767.14,25500,36700,8,1,0,1,8800,1760,880,6160
10211,63,24,2000,1620.89,0,0,7,1,2,0,6120,1020,1020,4080
10212,210,37,2000,1048.46,59900,0,9,1,1,2,7080,1180,590,5310
10213,335,50,1000,1538.26,62200,31400,12,3,2,3,34320,8580,4290,21450
10214,11,40,2000,1217.69,24000,0,6,3,1,0,53460,9720,9720,34020
10215,142,33,2000,1362.64,0,0,11,1,1,3,81360,6780,13560,61020
10216,272,43,1000,1279.13,0,0,5,3,1,2,81070,7370,14740,58960
10217,69,26,2000,924.72,0,0,14,1,2,2,63120,5260,10520,47340
10218,38,28,1000,1019.44,0,39700,17,1,2,1,7200,1440,720,5040
10219,328,46,500,1314.6,24800,0,0,1,2,3,70290,12780,6390,51120
10220,281,43,1000,1515.18,0,0,21,3,1,0,60190,9260,9260,41670
10221,246,44,2000,1649.18,0,58600,18,1,1,2,61380,11160,5580,44640
10222,298,49,500,1451.01,47800,0,17,1,2,2,28100,2810,5620,19670
10223,330,50,1000,978.46,0,0,19,1,0,0,49060,8920,8920,31220
10224,362,50,500,1198.34,53000,72500,17,3,1,1,57060,6340,6340,44380
10225,241,38,2000,1003.23,0,0,23,3,0,3,77880,12980,12980,51920
10226,245,41,2000,1212,24400,60500,4,1,0,1,73500,7350,14700,51450
10227,371,52,1000,1242.96,0,37100,2,2,2,0,88920,6840,13680,68400
10228,343,52,1000,1053.02,0,0,2,1,0,2,47630,12990,4330,30310
10229,377,53,500,1693.63,0,64000,10,3,1,3,59040,6560,6560,45920
10230,154,37,1000,2047.59,0,67800,2,1,0,3,79530,14460,7230,57840
10231,166,34,1000,1083.72,65600,68200,18,1,0,2,53680,4880,4880,43920
10232,298,46,1000,1138.42,36900,55000,18,1,2,3,33550,3050,6100,24400
10233,235,42,500,1072.62,39900,60200,7,4,2,1,69100,6910,6910,55280
10234,172,35,2000,1219.04,63600,68700,19,3,2,0,79750,14500,14500,50750
10235,27,28,2000,1371.78,0,32500,10,3,0,2,53600,5360,10720,37520
10236,428,54,2000,1506.21,0,24400,16,3,1,0,76560,12760,6380,57420
10237,99,32,1000,1058.21,0,0,17,1,1,1,41130,4570,4570,31990
10238,107,26,2000,932.14,40600,0,2,3,2,3,78650,14300,7150,57200
10239,272,41,2000,1608.34,33300,10600,19,1,1,1,71060,6460,12920,51680
10240,151,37,1000,1728.56,54000,0,0,1,1,1,38830,3530,3530,31770
10241,249,43,1000,1518.46,0,0,16,1,0,0,53500,5350,5350,42800
10242,177,38,2000,1540.19,0,74500,20,1,2,0,73700,7370,7370,58960
10243,190,40,2000,965.21,36900,53700,10,1,2,1,6300,630,630,5040
10244,174,36,2000,1278.75,53200,53800,21,3,2,2,65400,10900,10900,43600
10245,95,28,1000,773.99,0,70300,3,1,1,2,3200,640,320,2240
10246,371,51,1000,1532.47,60300,24700,7,1,0,3,75400,7540,15080,52780
10247,2,28,1000,1340.56,0,0,19,1,0,2,58140,6460,6460,45220
10248,269,44,500,1297.75,0,41400,15,3,0,1,98670,15180,15180,68310
10249,101,27,1000,433.33,25900,0,7,1,0,3,5900,1180,590,4130
10250,94,30,2000,1025.54,0,52600,19,1,1,3,64100,6410,6410,51280
10251,117,28,500,1264.77,47500,32500,13,2,0,1,55440,5040,10080,40320
10252,111,27,500,1459.97,0,0,2,3,1,2,80850,7350,14700,58800
10253,242,40,500,1238.65,0,44600,5,1,1,1,7480,680,680,6120
10254,440,61,500,1050.76,41500,70200,21,1,2,3,53640,5960,5960,41720
10255,20,23,1000,1711.72,0,0,21,3,2,2,63250,5750,11500,46000
10256,461,57,500,865.33,0,0,7,3,0,1,59040,9840,9840,39360
10257,208,36,500,1153.49,0,0,16,3,1,0,50500,10100,5050,35350
10258,279,43,2000,1281.25,0,0,13,1,0,1,57690,6410,12820,38460
10259,244,40,500,1342.8,0,0,2,1,1,3,5940,660,660,4620
10260,134,30,2000,1443.32,0,0,19,3,0,2,47790,5310,5310,37170
10261,122,29,1000,1629.94,0,47100,17,1,0,1,3850,350,350,3150
10262,156,31,2000,1134.08,0,0,3,1,2,0,59000,5900,5900,47200
10263,232,43,500,1483.91,0,33600,17,3,0,1,70600,7060,14120,49420
10264,244,40,2000,1304.67,0,45000,5,3,1,1,61490,5590,11180,44720
10265,84,30,2000,1035.79,44400,51500,9,1,1,0,57640,5240,10480,41920
10266,394,57,500,1401.2,51500,0,9,1,1,0,6890,1060,1060,4770
10267,246,45,1000,1665.45,34400,33100,9,3,2,2,53280,11840,5920,35520
10268,35,29,2000,653.66,52100,46900,22,3,0,0,78300,15660,7830,54810
10269,156,37,500,1080.13,0,61000,15,3,0,3,41490,4610,4610,32270
10270,195,36,2000,1346.18,57800,53300,14,3,2,3,68970,12540,6270,50160
10271,369,55,2000,1589.54,55400,0,6,3,2,0,85300,17060,8530,59710
10272,271,40,1000,1251.65,71200,0,6,1,0,0,3080,560,280,2240
10273,332,47,2000,1083.01,91900,0,22,4,2,0,71760,11040,11040,49680
10274,107,26,500,974.59,62800,0,14,3,1,0,59700,11940,11940,35820
10275,217,39,2000,1399.85,49900,19800,16,3,0,2,64920,10820,10820,43280
10276,243,43,500,1307.74,0,75700,10,3,0,1,37530,4170,4170,29190
10277,296,42,2000,1219.27,53100,63400,9,3,1,2,64080,7120,7120,49840
10278,264,41,500,1411.3,55600,0,4,1,1,0,60390,10980,5490,43920
10279,108,33,2000,694.45,0,0,6,3,0,1,64350,5850,11700,46800
10280,32,38,500,1006.77,0,0,15,3,2,1,70900,14180,7090,49630
10281,259,39,1000,1422.36,0,83900,12,3,1,3,46560,7760,7760,31040
10282,186,33,1000,1348.32,37600,37600,3,1,2,1,4730,860,860,3010
10283,201,40,2000,1315.56,0,0,14,1,0,0,6820,1240,1240,4340
10284,436,58,2000,1407.01,47400,27600,10,1,0,2,59900,11980,5990,41930
10285,189,36,2000,1388.58,0,49400,17,3,1,3,79560,13260,13260,53040
10286,105,33,500,1310.76,0,40900,8,1,0,1,70290,12780,6390,51120
10287,163,31,1000,1004.63,26900,0,14,3,2,0,63910,5810,11620,46480
10288,219,40,500,1134.91,68700,0,6,1,1,0,6400,640,640,5120
10289,88,25,1000,1194,0,0,6,1,1,2,66780,7420,7420,51940
10290,40,39,1000,1248.25,0,33300,8,1,0,2,8760,1460,1460,5840
10291,284,42,500,1338.54,0,0,13,1,0,1,94160,8560,17120,68480
10292,59,40,2000,782.23,64200,32300,0,3,0,2,51570,5730,11460,34380
10293,39,31,2000,1366.9,0,15700,14,3,1,0,52700,10540,10540,31620
10294,147,34,1000,1275.81,0,48300,13,1,2,2,101010,15540,15540,69930
10295,156,37,500,1090.65,0,51800,16,4,1,2,53400,5340,5340,42720
10296,123,31,500,1326,0,54600,13,1,1,2,72120,12020,12020,48080
10297,231,43,2000,972.47,0,58100,15,3,2,2,77100,7710,15420,53970
10298,247,39,500,806.31,0,0,3,1,2,3,3300,600,0,2700
10299,194,35,500,1416.24,0,0,7,1,1,0,5940,1080,540,4320
10300,119,27,2000,1097.64,27100,0,16,2,1,0,63720,7080,21240,35400
10301,259,43,500,947.75,0,39300,15,1,1,3,7680,1280,640,5760
10302,107,31,2000,1018.73,20000,82700,21,3,1,2,93730,14420,21630,57680
10303,48,44,2000,1400.74,34000,55600,23,3,0,2,87300,17460,17460,52380
10304,267,40,500,1155.53,0,35200,5,1,0,2,5670,1260,630,3780
10305,286,47,500,1386.93,54100,77600,15,3,0,0,65800,13160,6580,46060
10306,175,34,500,915.29,82400,57100,14,1,2,1,36720,4080,4080,28560
10307,111,29,500,1239.55,0,0,1,1,1,1,52800,4800,9600,38400
10308,151,37,500,1366.42,44000,0,14,3,1,2,59100,5910,5910,47280
10309,156,37,1000,1086.48,0,53800,17,3,1,1,77440,14080,7040,56320
10310,165,36,2000,1247.87,0,39700,20,3,2,2,45700,4570,4570,36560
10311,253,41,2000,1312.75,81300,0,10,3,2,2,80740,7340,14680,58720
10312,10,26,2000,765.64,0,22200,3,3,0,3,31350,2850,5700,22800
10313,158,33,2000,1327.41,0,38600,0,1,0,0,35000,3500,7000,24500
10314,436,59,1000,1338.55,39000,0,10,3,2,2,68000,13600,6800,47600
10315,91,30,2000,1316.63,43900,0,13,3,2,0,84500,13000,13000,58500
10316,256,42,1000,1286.44,0,39500,14,1,2,1,75500,7550,15100,52850
10317,274,46,1000,1372.18,0,0,22,3,1,3,90600,15100,15100,60400
10318,275,45,2000,1447.77,39400,63900,8,3,1,1,64320,5360,10720,48240
10319,1,33,500,903.32,0,0,1,3,1,0,31700,6340,3170,22190
10320,85,30,1000,1454.42,51600,73900,19,1,0,1,74280,12380,12380,49520
10321,233,37,2000,1603.42,61600,30200,17,1,0,2,80520,13420,6710,60390
10322,142,30,2000,1616.58,58500,46800,13,3,0,3,63600,6360,12720,44520
10323,266,44,500,1611.83,0,0,4,1,1,2,32800,3280,3280,26240
10324,350,50,500,889.13,0,0,14,3,0,2,44190,9820,4910,29460
10325,97,26,1000,1252.08,0,0,4,2,2,2,50400,10080,5040,35280
10326,399,55,2000,995.56,0,65400,23,3,1,1,88400,17680,8840,61880
10327,305,49,2000,1347.92,0,42100,21,3,0,2,66550,12100,6050,48400
10328,276,47,1000,1724.09,0,0,23,3,0,0,65780,5980,11960,47840
10329,257,40,500,1379.93,0,0,6,3,0,2,51810,9420,4710,37680
10330,78,31,1000,1554.64,0,27900,21,1,1,0,55660,5060,10120,40480
10331,129,28,1000,1377.94,0,0,23,1,2,3,44640,9920,4960,29760
10332,283,46,2000,1313.33,53500,73600,3,3,1,3,77660,7060,14120,56480
10333,85,25,500,1259.02,67000,53600,8,1,2,2,5640,940,940,3760
10334,101,26,1000,1371.88,0,0,4,1,2,2,3190,580,580,2030
10335,96,30,500,1399.27,38900,48700,22,1,0,0,53440,0,6680,46760
10336,121,31,1000,1061.98,0,0,16,1,0,1,65250,7250,7250,50750
10337,176,39,500,1365.46,0,56600,14,3,2,1,44280,4920,4920,34440
10338,159,37,1000,894.4,0,53700,13,1,2,0,70290,7810,7810,54670
10339,120,30,500,956.69,39600,64300,20,1,1,1,87100,8710,8710,69680
10340,212,35,2000,1123.89,35400,49200,0,3,1,3,50380,4580,4580,41220
10341,290,45,500,1085.03,0,61000,23,3,2,2,64800,12960,6480,45360
10342,299,42,2000,1437.33,25000,0,13,1,1,3,70400,12800,12800,44800
10343,66,26,1000,988.29,0,0,8,1,2,2,57860,0,10520,47340
10344,334,47,500,1238.89,0,0,3,1,0,3,6240,960,960,4320
10345,216,38,1000,1384.64,0,0,16,1,2,3,66600,16650,11100,38850
10346,86,28,2000,1595.07,75800,0,19,1,0,2,70920,11820,11820,47280
10347,429,56,1000,1127.89,67400,43800,0,1,2,0,39480,6580,6580,26320
10348,257,43,2000,929.7,46400,74300,12,1,2,2,63240,10540,5270,47430
10349,15,34,1000,1829.63,56700,0,21,3,1,0,67650,12300,6150,49200
10350,230,39,1000,904.7,68600,22300,0,1,1,3,74200,14840,14840,44520
10351,250,43,1000,1243.84,47900,73400,22,1,1,3,64900,12980,12980,38940
10352,270,44,2000,1030.95,47200,0,20,3,1,0,35900,7180,3590,25130
10353,65,26,500,1285.03,0,41500,0,1,1,3,52200,5220,10440,36540
10354,475,57,500,1216.56,67400,83200,20,1,0,2,78000,6500,13000,58500
10355,77,27,2000,966.26,56400,32800,1,3,0,0,67200,6720,6720,53760
10356,256,43,500,1203.17,56700,65600,11,1,0,0,63250,11500,5750,46000
10357,229,37,2000,1212.12,65600,0,14,3,1,1,68760,11460,5730,51570
10358,110,28,1000,1573.93,30400,0,20,3,0,2,65040,10840,10840,43360
10359,177,33,1000,1609.67,0,13200,22,1,1,3,82800,20700,13800,48300
10360,292,44,500,1097.57,0,0,12,1,1,0,61700,6170,6170,49360
10361,451,61,2000,1618.65,0,42600,3,3,2,1,78100,15620,7810,54670
10362,61,24,500,922.67,47400,0,15,3,2,1,65520,9360,9360,46800
10363,150,30,1000,1342.02,0,0,8,1,0,2,4500,450,450,3600
10364,283,41,500,1195.01,60700,54300,13,3,0,2,42700,0,6100,36600
10365,291,46,1000,994.74,0,55300,8,1,2,2,5580,620,620,4340
10366,162,31,1000,1050.24,30700,0,7,1,0,0,3600,360,720,2520
10367,154,36,2000,1313.51,68500,0,9,1,2,0,2800,280,280,2240
10368,289,47,2000,1102.29,73000,37900,15,1,1,0,54000,6000,6000,42000
10369,10,19,1000,1185.78,0,60700,5,1,0,2,48950,4450,8900,35600
10370,309,47,500,1527.95,69400,0,15,4,0,1,77800,15560,15560,46680
10371,396,57,1000,1366.39,0,22400,22,3,2,1,52560,11680,5840,35040
10372,273,41,1000,1403.9,0,0,16,2,1,2,44110,4010,8020,32080
10373,129,30,2000,927.23,51500,0,7,1,1,3,74360,13520,6760,54080
10374,140,31,2000,1554.86,59000,0,2,1,1,2,6120,680,680,4760
10375,419,53,2000,736.07,45700,0,17,4,0,0,62280,5190,10380,46710
10376,315,44,1000,974.16,0,56800,12,3,1,0,26730,4860,4860,17010
10377,72,29,500,973.8,0,85900,9,1,1,0,66200,6620,6620,52960
10378,32,26,2000,1260.32,0,79800,16,1,1,2,45500,9100,4550,31850
10379,230,41,1000,1464.03,0,0,19,3,2,0,53040,4420,4420,44200
10380,157,32,2000,617.11,0,54100,14,3,1,2,50800,10160,5080,35560
10381,265,41,2000,1724.46,81800,0,18,3,1,3,44200,4420,4420,35360
10382,47,34,500,1161.31,64800,24300,23,1,1,3,62920,11440,5720,45760
10383,113,29,2000,1091.73,36100,42300,15,3,0,2,49950,5550,5550,38850
10384,289,46,2000,1209.07,0,0,18,1,0,1,56430,6270,6270,43890
10385,254,41,2000,1241.04,0,0,16,1,2,2,100210,18220,18220,63770
10386,115,30,500,1757.21,46400,0,12,3,1,0,49140,5460,5460,38220
10387,236,38,1000,802.24,0,62500,16,1,0,1,66840,16710,5570,44560
10388,7,21,1000,1342.72,0,45300,21,1,1,2,62460,6940,6940,48580
10389,208,36,2000,1209.41,0,0,15,3,0,1,62810,11420,11420,39970
10390,126,33,1000,1141.71,36700,73400,21,1,1,2,54160,6770,6770,40620
10391,48,35,500,1090.03,0,51000,1,1,0,2,48400,9680,4840,33880
10392,297,48,1000,1464.73,54900,36700,17,3,0,0,51480,5720,5720,40040
10393,160,36,1000,1118.58,0,36600,5,3,2,1,51700,5170,10340,36190
10394,406,58,2000,1117.04,0,42700,15,3,1,2,65520,10920,5460,49140
10395,157,31,500,1257.83,40700,41600,2,4,2,2,47700,4770,9540,33390
10396,146,31,2000,1082.72,61400,57500,3,1,2,0,5220,580,580,4060
10397,409,57,1000,1191.8,55600,0,19,1,1,0,73320,6110,12220,54990
10398,252,46,1000,1242.02,0,28800,17,1,0,2,74900,14980,7490,52430
10399,6,27,500,1075.71,0,47400,7,1,0,1,3190,580,290,2320
10400,103,33,1000,969.88,0,0,21,1,1,0,76920,12820,6410,57690
10401,369,53,2000,1459.93,0,0,10,2,1,3,77990,7090,14180,56720
10402,261,46,1000,1245.61,0,0,11,1,1,0,59670,9180,9180,41310
10403,159,33,2000,1462.76,69200,36900,23,3,2,0,44880,8160,4080,32640
10404,344,51,2000,1398.46,0,0,14,1,0,2,82830,7530,15060,60240
10405,437,60,1000,1269.64,48800,0,10,1,1,3,84480,7680,15360,61440
10406,65,30,500,1455.65,0,66300,6,3,2,3,79800,15960,7980,55860
10407,280,41,2000,1140.31,29300,64700,10,3,0,3,53020,9640,9640,33740
10408,269,45,500,1330.46,54800,64100,5,3,0,0,24200,2200,4400,17600
10409,275,40,2000,1190.6,0,45300,17,1,1,3,43230,7860,7860,27510
10410,265,45,500,972.5,0,0,3,1,2,3,3190,290,580,2320
10411,283,43,2000,1161.91,0,50400,9,1,0,3,5850,1300,650,3900
10412,84,29,1000,1117.17,0,29900,6,1,2,0,6820,620,1240,4960
10413,247,44,2000,1101.51,64000,0,22,3,2,2,69480,11580,11580,46320
10414,56,29,1000,1523.17,0,0,10,3,1,2,94560,7880,15760,70920
10415,210,39,1000,984.45,0,0,4,1,1,2,7800,780,780,6240
10416,108,32,2000,1257,63900,43700,23,1,1,3,61270,5570,11140,44560
10417,328,49,500,1434.51,0,0,19,1,0,2,71440,8930,8930,53580
10418,186,37,2000,1628,0,0,22,1,1,2,55600,11120,5560,38920
10419,277,44,500,1412.31,0,0,6,1,1,3,5000,1000,500,3500
10420,138,33,500,1362.87,56900,56900,6,1,2,0,95810,14740,14740,66330
10421,208,41,1000,1134.68,0,0,18,1,2,2,69300,6930,13860,48510
10422,147,37,1000,1306.78,0,0,22,1,1,0,81120,13520,20280,47320
10423,8,21,500,1021.9,0,0,21,1,0,0,91260,14040,14040,63180
10424,297,48,1000,1538.6,0,54700,12,1,0,0,60600,6060,12120,42420
10425,150,31,1000,1354.5,52800,0,6,3,0,3,64800,6480,12960,45360
10426,4,34,500,1282.93,0,0,0,4,0,0,66880,6080,12160,48640
10427,210,35,1000,1346.27,44900,91400,11,1,0,2,58200,5820,5820,46560
10428,91,31,1000,1338.4,63600,0,19,1,1,0,60570,6730,6730,47110
10429,167,36,1000,949.44,0,38400,22,3,0,0,69680,8710,8710,52260
10430,467,58,2000,977.4,82200,0,2,1,2,3,55700,5570,11140,38990
10431,264,47,2000,1181.46,0,67400,16,4,1,2,62370,5670,5670,51030
10432,270,45,500,1187.53,83200,53300,23,3,0,0,54340,9880,0,44460
10433,310,48,1000,845.16,0,0,21,1,1,0,55170,6130,6130,42910
10434,143,34,500,1442.27,67900,0,10,1,2,3,58500,11700,5850,40950
10435,146,32,2000,1276.43,0,0,12,1,0,3,59940,6660,6660,46620
10436,102,28,500,1075.41,55200,0,6,1,1,0,73400,7340,7340,58720
10437,61,23,500,1111.72,54600,0,6,1,1,2,41850,4650,4650,32550
10438,255,44,2000,814.96,68500,0,7,1,2,2,6400,640,1280,4480
10439,211,40,1000,1575.86,0,0,3,1,1,1,3190,580,290,2320
10440,61,29,1000,1115.27,0,66000,10,1,2,1,5900,590,590,4720
10441,108,31,2000,1175.7,0,0,14,1,0,2,57330,6370,6370,44590
10442,303,50,500,793.15,54600,45500,17,3,0,3,81960,13660,13660,54640
10443,152,33,500,942.51,0,0,16,1,0,0,70400,6400,19200,44800
10444,120,34,1000,1056.71,77900,0,3,1,2,1,3770,580,580,2610
10445,144,36,2000,1255.68,23600,15600,7,1,0,0,7400,740,1480,5180
10446,414,52,500,1335.13,44000,71000,13,1,1,1,54810,6090,6090,42630
10447,163,37,500,1178.95,0,67300,20,1,2,3,49400,4940,9880,34580
10448,352,53,500,1793.16,0,0,23,1,2,2,68750,12500,6250,50000
10449,27,32,500,1008.38,37900,0,11,1,1,0,61500,12300,6150,43050
10450,239,39,500,1396.83,0,0,0,4,0,3,76890,6990,13980,55920
10451,33,32,500,1402.78,70300,50300,2,1,0,1,56070,6230,12460,37380
10452,88,30,1000,1437.88,42800,51200,3,1,2,0,56000,14000,0,42000
10453,101,33,1000,1313.64,12100,0,3,1,1,0,4290,780,390,3120
10454,20,37,500,1482.14,33000,43600,15,3,2,1,60750,6750,6750,47250
10455,126,30,2000,1171.75,46500,42700,23,1,2,3,48730,4430,4430,39870
10456,264,43,2000,1353.33,0,8500,9,3,2,0,95150,17300,17300,60550
10457,78,24,500,1175.51,0,0,20,1,0,1,7480,680,680,6120
10458,123,28,2000,1836.02,38000,41200,5,1,2,1,79800,13300,6650,59850
10459,347,51,500,1480.79,0,12100,15,1,0,2,103560,8630,17260,77670
10460,163,38,2000,1453.92,51700,0,13,1,2,3,79500,15900,7950,55650
10461,271,44,500,1340.71,0,0,16,1,2,2,76230,6930,13860,55440
10462,410,54,2000,714.03,0,17000,0,1,0,2,59520,9920,9920,39680
10463,448,57,2000,1376.16,38600,50300,10,3,2,1,47760,5970,5970,35820
10464,218,41,500,914.22,37900,72900,14,3,2,0,84590,15380,7690,61520
10465,43,38,1000,1601.47,64400,0,1,3,2,2,61650,6850,6850,47950
10466,33,33,1000,1096.79,45500,60600,16,1,2,1,81400,8140,8140,65120
10467,126,34,2000,1078.22,54500,0,2,3,0,1,58410,10620,5310,42480
10468,411,56,1000,1595.28,0,0,23,3,0,0,38610,3510,3510,31590
10469,225,37,1000,1217.84,49600,0,19,3,2,2,57600,9600,9600,38400
10470,35,35,2000,1117.42,0,51900,23,3,2,2,53190,5910,11820,35460
10471,460,57,2000,1567.37,62500,0,10,1,2,3,58300,5830,11660,40810
10472,195,38,2000,1294.93,38000,50300,12,3,1,2,64620,7180,0,57440
10473,360,51,1000,1152.12,0,62400,15,3,2,0,90480,15080,15080,60320
10474,300,49,1000,1441.21,0,0,3,1,1,0,7080,1180,1180,4720
10475,245,42,1000,1575.74,0,68900,19,1,2,2,6490,590,1180,4720
10476,146,36,2000,1233.96,34500,60600,16,3,1,1,55900,5590,5590,44720
10477,67,29,1000,1861.43,60400,67800,16,1,0,3,63800,6380,6380,51040
10478,380,56,1000,1570.86,66000,0,10,1,0,1,58160,7270,7270,43620
10479,389,53,2000,791.47,0,0,6,1,1,2,6300,630,1260,4410
10480,317,46,1000,1012.78,43700,0,18,1,2,1,104610,19020,19020,66570
10481,264,44,500,1047.06,0,0,20,3,0,2,69850,12700,6350,50800
10482,20,21,1000,1390.29,0,41200,14,1,0,0,62900,12580,6290,44030
10483,116,30,500,951.46,0,35500,8,3,0,3,59670,6630,6630,46410
10484,222,40,1000,1226.78,49600,49200,17,2,2,0,81500,16300,8150,57050
10485,439,56,500,1280.9,48900,40900,9,1,2,0,50000,15000,5000,30000
10486,66,28,2000,1472.77,0,31700,0,1,2,1,48290,8780,8780,30730
10487,128,29,1000,1878.44,0,76000,2,1,0,0,59070,5370,5370,48330
10488,69,24,500,1418.5,0,0,23,3,0,0,63300,12660,6330,44310
10489,294,46,500,1532.8,0,0,8,1,0,3,65780,11960,11960,41860
10490,19,29,500,1304.35,0,0,6,3,0,2,75400,11600,11600,52200
10491,191,33,2000,1551.61,45000,30400,3,1,1,1,2250,250,250,1750
10492,4,39,1000,1326.98,64200,0,14,3,1,3,54120,4510,9020,40590
10493,298,49,500,862.92,0,71700,16,3,0,2,69480,11580,11580,46320
10494,231,43,2000,1331.69,0,0,12,1,1,2,66950,10300,10300,46350
10495,338,47,2000,1486.04,0,56200,1,3,2,3,64100,12820,6410,44870
10496,261,46,1000,870.55,0,49400,19,1,0,3,80280,13380,13380,53520
10497,321,44,2000,1344.56,0,39100,7,1,1,2,4680,520,0,4160
10498,0,32,1000,1377.04,61400,41100,6,4,1,1,39720,6620,6620,26480
10499,405,58,500,1237.88,0,46900,11,1,0,0,63580,5780,5780,52020
10500,304,49,1000,1525.86,0,0,2,1,1,1,73370,13340,6670,53360
10501,1,29,500,854.58,52200,0,15,1,2,3,86790,7890,23670,55230
10502,26,39,1000,770.76,0,53700,0,1,0,2,49800,9960,4980,34860
10503,202,38,2000,1132.74,0,37500,12,1,1,1,77440,7040,14080,56320
10504,289,48,500,1173.37,0,42700,1,1,1,0,42900,8580,0,34320
10505,61,26,2000,1188.28,0,53800,16,2,1,0,53820,11960,5980,35880
10506,334,46,1000,876.88,0,0,2,1,2,1,57330,12740,6370,38220
10507,12,24,1000,1143.95,51400,0,13,3,2,1,53370,5930,5930,41510
10508,86,29,2000,1409.06,74200,68100,0,1,2,2,62920,9680,14520,38720
10509,83,24,1000,1070.63,0,0,0,3,0,1,61600,6160,12320,43120
10510,126,30,2000,916.13,55300,58400,16,3,2,0,74160,6180,12360,55620
10511,209,38,500,1191.5,38600,52900,8,1,2,0,80100,8900,8900,62300
10512,283,48,1000,1474.66,0,46200,9,1,2,3,6560,820,820,4920
10513,194,34,1000,1193.45,0,0,11,1,2,1,58800,11760,5880,41160
10514,184,38,1000,1437.53,0,0,6,3,0,2,53730,11940,5970,35820
10515,479,60,2000,1304.83,0,0,18,1,0,0,60600,5050,10100,45450
10516,284,48,1000,1168.8,0,42400,11,1,0,3,35750,6500,3250,26000
10517,65,27,1000,1164.97,43000,42500,17,1,1,2,42840,3570,7140,32130
10518,222,39,1000,1232.72,87800,51200,21,3,1,0,87960,14660,14660,58640
10519,196,41,2000,1800.76,0,78600,0,3,1,0,47800,4780,4780,38240
10520,253,43,500,1187.01,46300,33000,9,1,0,1,3840,640,640,2560
10521,280,43,1000,1559.34,0,51600,1,1,0,2,77000,14000,7000,56000
10522,5,26,2000,1137.02,31500,0,22,1,1,3,88110,16020,16020,56070
10523,220,42,1000,1281.72,33500,49500,20,4,0,2,47740,4340,4340,39060
10524,85,30,1000,796.35,72400,77000,9,3,2,1,58960,5360,10720,42880
10525,266,46,500,1270.02,0,45800,5,1,1,2,2160,480,240,1440
10526,41,26,1000,1383.13,46700,0,12,1,1,1,6890,530,1060,5300
10527,316,45,2000,1290.74,58300,0,6,3,2,0,78870,7170,14340,57360
10528,285,47,1000,1216.68,55100,0,8,1,1,1,2700,300,300,2100
10529,379,54,500,1251.16,41400,0,14,1,0,1,75960,6330,6330,63300
10530,15,34,2000,1586.41,33500,58900,10,1,1,3,75570,6870,13740,54960
10531,354,48,2000,1526.11,0,0,12,1,2,3,90240,15040,15040,60160
10532,342,53,1000,1028.44,0,0,12,1,0,0,80960,14720,7360,58880
10533,169,38,1000,1555.94,23300,0,12,3,1,3,79080,6590,13180,59310
10534,339,49,2000,1570.77,98800,65300,13,1,0,3,6820,1240,620,4960
10535,259,42,2000,1170.53,65000,49200,17,3,1,2,62590,5690,11380,45520
10536,65,23,1000,1099.95,0,71900,14,1,1,0,52400,6550,6550,39300
10537,254,46,2000,1472.43,0,90600,3,3,1,3,63580,5780,11560,46240
10538,440,55,500,1275.62,0,56200,18,3,2,1,61400,6140,6140,49120
10539,478,63,1000,1292.3,47600,0,5,1,1,3,4700,940,470,3290
10540,230,44,2000,1009.37,45400,39400,19,1,0,2,74140,13480,13480,47180
10541,138,30,500,1093.07,27700,72400,0,1,2,2,83160,6930,13860,62370
10542,239,41,1000,1325.44,51400,6300,22,1,0,2,10790,1660,830,8300
10543,93,31,2000,1017.18,0,0,21,3,1,3,48070,8740,8740,30590
10544,37,25,1000,1221.17,49300,0,4,3,0,0,51030,5670,11340,34020
10545,254,40,500,1927.87,0,0,10,1,0,1,43280,0,5410,37870
10546,131,29,1000,978.27,65700,0,5,1,1,3,76400,15280,7640,53480
10547,230,43,2000,1221.14,48100,0,13,1,0,2,75460,13720,13720,48020
10548,313,50,2000,1255.62,0,0,18,3,2,1,69000,13800,6900,48300
10549,210,38,500,999.52,0,0,6,1,1,2,8640,1440,720,6480
10550,101,29,500,1380.89,30000,53000,0,3,2,1,67210,12220,12220,42770
10551,153,37,500,1010.77,52300,55600,5,3,0,3,42500,4250,4250,34000
10552,337,53,500,1205.86,0,34600,8,1,0,1,86400,14400,7200,64800
10553,360,51,1000,1526.61,0,32900,5,1,2,2,4620,840,840,2940
10554,428,53,1000,1496.44,0,0,9,1,2,2,6930,630,1260,5040
10555,204,40,500,1256.2,0,0,10,3,1,2,41700,8340,8340,25020
10556,364,51,500,1268.35,0,0,16,1,2,1,77330,14060,14060,49210
10557,185,35,2000,1421.59,0,0,8,1,2,3,4950,900,450,3600
10558,63,26,500,1500.04,0,36500,5,1,0,2,5160,860,860,3440
10559,210,35,500,1433.24,0,19500,11,3,2,1,24570,2730,2730,19110
10560,194,38,2000,1231.25,46500,0,15,3,1,0,53680,4880,9760,39040
10561,294,49,500,1135.43,22700,0,23,3,1,1,42900,3900,3900,35100
10562,272,41,2000,945.73,38600,42800,23,1,0,0,84100,16820,8410,58870
10563,27,27,2000,1118.76,0,55800,23,1,1,3,61560,6840,6840,47880
10564,251,39,2000,1231.98,0,31700,10,1,0,0,44240,5530,5530,33180
10565,180,33,2000,1005.47,58100,49000,12,4,2,3,57700,11540,5770,40390
10566,392,50,2000,1108.97,68400,66800,4,1,2,2,108030,16620,16620,74790
10567,143,30,500,1392.39,0,65700,16,1,2,0,54300,10860,5430,38010
10568,371,54,2000,1317.97,34700,81000,18,3,1,2,32280,5380,5380,21520
10569,292,42,1000,1588.22,0,53800,15,3,1,1,84600,16920,8460,59220
10570,165,35,500,900.02,0,49900,8,1,1,3,69700,6970,6970,55760
10571,158,33,1000,1744.64,0,0,4,3,0,1,36400,3640,7280,25480
10572,241,39,1000,1260.56,0,54900,20,3,0,2,37520,4690,4690,28140
10573,103,33,2000,1021.14,69500,47700,1,3,2,3,79090,14380,14380,50330
10574,402,54,2000,1285.09,48000,79600,19,1,0,2,67770,7530,15060,45180
10575,102,32,500,1537.07,0,0,11,1,1,0,47400,9480,4740,33180
10576,182,40,1000,1022.42,50000,56900,13,1,0,2,71100,7110,14220,49770
10577,282,46,2000,1558.86,51100,75100,2,1,2,2,69400,13880,6940,48580
10578,222,39,500,1757.87,71400,0,9,3,2,1,55000,5000,10000,40000
10579,415,52,1000,973.5,50400,0,15,2,1,3,51090,7860,7860,35370
10580,51,34,500,1430.8,0,0,23,1,2,3,64200,6420,19260,38520
10581,255,45,500,1192.27,0,40200,16,1,2,0,67320,12240,12240,42840
10582,143,31,500,1163.83,37700,0,21,4,2,0,76120,6920,13840,55360
10583,130,28,1000,1003.15,0,38500,21,2,2,1,85020,13080,13080,58860
10584,242,41,2000,1153.54,0,57000,3,3,0,1,68090,12380,12380,43330
10585,96,27,1000,1631.1,0,0,4,1,1,2,6030,670,670,4690
10586,180,35,1000,1252.48,0,55800,17,1,1,3,5100,1020,510,3570
10587,150,30,1000,1677.26,40100,0,7,1,1,3,4590,510,510,3570
10588,463,59,1000,979.73,51700,0,14,2,1,2,72400,7240,14480,50680
10589,472,64,500,989.24,0,0,13,1,2,3,70900,14180,7090,49630
10590,75,25,1000,1389.86,0,0,23,2,2,3,65100,6510,6510,52080
10591,193,40,500,1233.85,0,0,23,3,2,1,64260,0,14280,49980
10592,43,43,500,1320.39,0,0,16,1,2,1,79970,7270,21810,50890
10593,253,41,1000,1435.09,36600,0,17,1,2,0,56610,6290,6290,44030
10594,152,30,500,1448.54,58600,0,9,1,1,1,84590,7690,7690,69210
10595,160,38,500,1733.56,0,43800,13,3,2,1,66780,7420,14840,44520
10596,56,36,500,1533.07,0,28800,13,1,1,2,58500,0,6500,52000
10597,286,41,500,1106.77,45500,62500,3,1,2,0,5000,500,500,4000
10598,3,29,500,995.7,0,0,3,1,2,1,5000,500,1000,3500
10599,286,41,1000,1298.85,71300,70300,16,3,1,3,54450,6050,12100,36300
10600,239,38,1000,1276.73,0,0,12,3,1,3,61920,6880,6880,48160
10601,64,29,2000,1202.28,0,61400,4,1,1,2,43700,4370,4370,34960
10602,98,31,500,671.92,0,26400,3,1,2,0,64080,7120,7120,49840
10603,16,35,1000,1358.03,59300,31400,0,1,2,1,55000,10000,10000,35000
10604,70,27,1000,1008.79,46000,0,19,1,2,3,4400,0,550,3850
10605,75,27,1000,1141.1,0,0,15,2,0,1,71640,5970,11940,53730
10606,246,44,1000,1397,0,0,6,1,1,0,61740,6860,6860,48020
10607,110,27,1000,1664.66,0,66200,3,1,0,3,57500,5750,5750,46000
10608,236,39,1000,1151.39,0,63900,17,1,0,0,8700,870,1740,6090
10609,267,46,2000,1546.01,0,0,4,4,2,1,77100,15420,7710,53970
10610,463,57,500,1063.67,0,0,14,1,2,0,59400,6600,6600,46200
10611,303,46,1000,709.14,0,0,3,3,1,0,54890,9980,4990,39920
10612,137,30,500,1039.55,55600,59700,4,3,2,1,74030,6730,13460,53840
10613,56,42,500,1339.39,0,0,13,1,1,2,61490,11180,11180,39130
10614,75,27,1000,1202.75,57900,90100,23,3,0,2,79560,6630,13260,59670
10615,131,33,2000,1081.17,0,65200,3,1,0,1,4900,490,490,3920
10616,153,34,500,991.39,45600,61400,0,3,1,0,77770,14140,14140,49490
10617,255,43,500,984.02,75800,0,14,2,2,2,74700,7470,14940,52290
10618,103,26,500,1354.83,66300,0,14,2,2,2,40600,4060,4060,32480
10619,97,28,1000,830.31,0,32600,22,1,1,0,45270,10060,10060,25150
10620,214,36,2000,987.42,0,0,17,3,0,3,47080,4280,8560,34240
10621,438,57,500,1119.29,0,0,14,1,0,0,40700,4070,4070,32560
10622,87,27,500,1048.39,0,0,2,1,2,1,34650,6300,3150,25200
10623,27,28,1000,1074.47,0,0,4,1,2,0,3200,400,400,2400
10624,206,42,1000,1230.76,0,74200,2,1,1,1,78980,7180,14360,57440
10625,127,31,500,1255.02,58200,0,10,1,1,0,6160,560,1120,4480
10626,422,60,1000,1555.52,43600,67800,11,1,1,1,85250,15500,7750,62000
10627,303,50,2000,836.11,0,0,1,4,1,2,72840,12140,6070,54630
10628,228,40,500,1450.98,43700,0,20,1,0,2,6050,1100,1100,3850
10629,239,39,2000,625.08,44200,37000,10,1,2,3,87890,15980,7990,63920
10630,330,47,2000,1133.27,0,56400,20,2,0,2,60500,11000,5500,44000
10631,128,35,500,1366.6,0,0,10,3,2,1,88220,16040,16040,56140
10632,147,37,1000,1439.9,0,48400,2,2,1,2,53680,9760,4880,39040
10633,287,45,1000,1230.69,0,54600,19,1,0,2,53800,5380,5380,43040
10634,142,29,2000,1307.68,0,48500,10,1,1,2,54360,4530,9060,40770
10635,162,35,2000,1124.69,0,0,14,1,0,3,54340,9880,4940,39520
10636,140,35,1000,1520.78,0,42900,5,1,0,2,2860,520,260,2080
10637,106,28,2000,1609.11,0,0,8,1,2,1,5490,0,1220,4270
10638,292,45,1000,1358.91,0,0,4,1,0,2,7370,670,1340,5360
10639,34,34,500,1295.87,0,0,4,3,1,0,50800,5080,5080,40640
10640,290,48,500,1161.03,45300,0,20,2,1,1,41520,5190,5190,31140
10641,182,38,2000,1441.06,53800,78300,18,1,2,3,89650,8150,16300,65200
10642,362,55,1000,1097.99,44400,71500,0,3,0,3,39690,0,0,39690
10643,143,32,1000,1464.42,79900,0,1,1,2,0,62260,5660,5660,50940
10644,183,38,500,1543.68,20200,0,17,1,0,1,51920,9440,4720,37760
10645,254,40,500,1390.89,0,74400,23,1,2,2,53460,9720,4860,38880
10646,249,43,2000,1148.58,0,71200,4,3,2,1,57100,5710,5710,45680
10647,169,36,500,1616.26,50700,57600,0,3,2,3,77440,14080,7040,56320
10648,235,40,500,1398.94,0,0,11,1,1,2,68300,6830,13660,47810
10649,112,32,1000,1238.92,57800,53700,4,1,0,2,5060,460,920,3680
10650,16,32,1000,968.46,50800,66200,0,3,0,2,59400,6600,13200,39600
10651,128,31,500,1045.12,0,28300,2,3,0,2,69930,0,15540,54390
10652,103,27,1000,1537.33,0,74800,11,3,1,1,77700,7770,15540,54390
10653,356,54,500,912.3,58500,44000,23,3,2,1,68750,12500,12500,43750
10654,109,29,2000,1007.28,0,0,17,3,1,3,91080,16560,16560,57960
10655,2,20,1000,1189.98,0,54700,22,1,1,3,48360,4030,8060,36270
10656,198,34,1000,1576.41,0,55100,18,1,1,1,95000,9500,9500,76000
10657,107,32,500,1172.82,82100,0,8,1,1,3,3900,780,390,2730
10658,252,39,500,1312.22,0,33300,15,3,0,3,59400,11880,5940,41580
10659,303,43,1000,671.01,42900,61500,20,1,2,0,60210,6690,6690,46830
10660,101,32,500,895.14,52600,30400,4,1,0,3,43600,8720,4360,30520
10661,446,57,2000,1373.21,42700,64900,10,3,0,0,62800,6280,12560,43960
10662,330,48,1000,1625.65,0,0,10,1,1,3,59500,11900,5950,41650
10663,211,37,2000,1295.63,42200,33800,22,3,1,0,53460,5940,5940,41580
10664,172,33,1000,1459.96,41300,42000,15,3,0,1,41690,7580,7580,26530
10665,316,46,500,1219.94,0,51000,13,1,0,1,63100,6310,12620,44170
10666,435,60,500,1064.49,73500,43300,23,1,2,1,62880,5240,10480,47160
10667,344,51,1000,959.83,0,38700,18,3,2,2,75400,17400,11600,46400
10668,204,40,2000,1767.02,0,49300,7,1,1,1,46200,4200,8400,33600
10669,278,47,500,1285.01,0,39800,21,1,2,2,58500,5850,5850,46800
10670,434,57,2000,1422.95,0,0,15,3,1,3,66240,11040,11040,44160
10671,209,36,2000,1223.39,0,0,17,3,1,3,65440,8180,8180,49080
10672,250,43,2000,1539.06,37800,0,2,1,0,3,64200,10700,10700,42800
10673,61,25,2000,988.06,0,0,1,3,1,0,32320,4040,4040,24240
10674,80,28,1000,1740.57,0,18600,3,1,0,1,33480,3720,3720,26040
10675,25,38,1000,1540.91,40900,0,0,1,1,1,4320,480,960,2880
10676,4,29,500,1381.88,0,77800,4,1,0,2,4200,840,420,2940
10677,32,29,500,1446.98,0,45700,11,3,2,0,57970,10540,5270,42160
10678,125,31,500,1220.86,55400,40400,4,1,1,2,4320,0,960,3360
10679,276,45,500,948.1,44500,61400,11,3,0,2,69300,13860,6930,48510
10680,148,30,500,1471.24,57500,93600,4,3,2,2,32480,4060,4060,24360
10681,222,38,2000,1157.97,0,64500,20,1,2,2,60480,6720,6720,47040
10682,32,38,2000,566.11,0,0,22,1,0,0,2640,440,440,1760
10683,78,27,500,1060.88,0,66500,4,1,0,3,6050,550,1100,4400
10684,238,43,1000,1524.45,0,44800,21,4,0,0,42700,4270,4270,34160
10685,313,47,1000,1556.17,63900,53300,20,1,1,3,40260,3660,7320,29280
10686,334,50,500,1216.24,26700,47200,7,1,2,0,50000,5000,10000,35000
10687,190,35,500,1484.72,0,0,4,1,0,1,3840,640,320,2880
10688,194,41,500,1203.81,52500,51300,17,3,0,2,95900,13700,20550,61650
10689,290,47,1000,1393.34,0,61400,20,3,1,3,56160,6240,12480,37440
10690,26,42,1000,1484.48,50700,36300,10,1,2,3,63030,5730,11460,45840
10691,254,41,500,1581.27,42200,48000,8,1,2,2,63470,5770,11540,46160
10692,199,38,1000,1281.25,0,53100,6,1,0,2,44440,8080,4040,32320
10693,137,35,500,1667.83,48500,67400,4,1,1,1,6600,1200,1200,4200
10694,134,36,1000,1497.41,14100,44500,17,3,2,0,77200,9650,9650,57900
10695,73,30,500,803.36,0,0,15,3,0,0,57000,0,11400,45600
10696,289,45,2000,1221.41,46700,72500,9,1,2,1,2700,300,300,2100
10697,176,36,500,1865.83,32800,50600,17,1,2,1,47300,4300,8600,34400
10698,145,37,2000,1434.27,0,35900,13,1,2,3,55110,5010,10020,40080
10699,164,31,500,1114.68,44500,55900,5,1,1,0,4320,480,480,3360
10700,186,38,2000,1218.56,39300,60300,23,3,2,2,68760,11460,5730,51570
10701,85,31,2000,1234.69,0,0,1,2,2,1,74400,14880,7440,52080
10702,162,33,500,964.92,45700,0,17,4,2,1,35300,3530,3530,28240
10703,396,57,500,1351.72,0,49400,3,1,1,3,2640,480,480,1680
10704,270,41,1000,817.28,62200,0,17,3,1,1,60190,4630,9260,46300
10705,168,39,1000,1389.59,0,42600,23,3,1,3,41580,3780,7560,30240
10706,274,45,1000,1353.53,54700,47900,13,1,0,0,58500,11700,0,46800
10707,263,43,1000,1294.04,0,0,17,1,2,3,79320,13220,6610,59490
10708,152,33,1000,840.81,0,0,2,1,0,2,82610,7510,7510,67590
10709,46,41,2000,998.19,43700,66300,23,3,1,3,78600,13100,19650,45850
10710,276,46,2000,1090.32,0,70400,17,1,1,2,51390,5710,5710,39970
10711,234,44,500,1780.67,0,0,3,1,1,0,70200,7020,7020,56160
10712,64,30,2000,1681.01,0,51100,16,1,2,1,4900,490,1470,2940
10713,456,62,1000,1395.77,82600,49500,13,3,1,3,66480,5540,11080,49860
10714,58,23,2000,1471.44,57500,0,8,1,2,1,50380,4580,9160,36640
10715,475,61,500,1265.72,0,59500,23,1,0,2,64350,9900,9900,44550
10716,96,29,1000,1274.7,47500,58700,15,3,2,3,55400,5540,11080,38780
10717,99,28,500,1330.39,0,0,3,1,2,2,49900,4990,9980,34930
10718,38,28,500,1122.95,78000,0,4,3,0,3,74880,12480,12480,49920
10719,259,44,2000,1655.79,0,0,8,1,0,0,105820,16280,16280,73260
10720,241,43,1000,935.77,0,36000,21,1,1,0,7150,1300,650,5200
10721,437,58,2000,1192.04,66100,31400,23,1,0,0,55800,11160,11160,33480
10722,130,34,500,990.11,0,41200,8,1,1,3,5830,1060,1060,3710
10723,269,41,2000,1422.21,0,46400,21,1,2,1,85900,17180,17180,51540
10724,103,29,500,914.85,72100,0,5,1,2,3,7110,790,1580,4740
10725,284,43,500,1123.84,48200,0,12,3,0,0,36960,6720,3360,26880
10726,189,39,2000,838.02,0,0,7,3,2,0,64400,6440,6440,51520
10727,267,43,500,1300.68,49000,0,0,1,1,3,1920,480,0,1440
10728,39,22,500,1173.21,0,0,14,1,0,1,86130,15660,7830,62640
10729,140,32,1000,985.97,0,0,13,1,2,3,82170,14940,7470,59760
10730,243,41,1000,1129.23,17300,60400,1,1,1,0,50300,10060,5030,35210
10731,116,31,500,1194.83,28600,0,23,1,0,0,44200,4420,8840,30940
10732,219,43,1000,1114.29,51300,0,1,1,2,2,66660,6060,6060,54540
10733,96,26,2000,1509.04,10000,0,9,1,2,3,78320,7120,14240,56960
10734,149,34,500,664.86,0,60000,3,1,0,1,105040,16160,16160,72720
10735,246,43,1000,1267.4,0,0,0,1,2,1,50700,5070,5070,40560
10736,293,45,1000,1119.23,51500,0,13,3,1,1,51210,11380,5690,34140
10737,339,48,500,1698.51,0,0,18,3,2,1,51840,8640,8640,34560
10738,160,33,1000,1422.78,61600,0,17,3,2,3,52800,5280,5280,42240
10739,224,42,500,1212.75,0,51400,11,1,0,0,55200,9200,13800,32200
10740,194,34,1000,1423.34,55300,37900,0,1,0,3,9100,1400,1400,6300
10741,385,51,1000,976.37,0,61000,14,3,1,3,67600,13520,6760,47320
10742,100,33,500,1124.59,67300,0,4,1,1,2,40800,6800,6800,27200
10743,371,50,1000,1569.33,79600,0,2,3,2,1,84500,13000,13000,58500
10744,175,39,500,1359.36,0,43600,9,3,2,2,71610,13020,6510,52080
10745,373,55,500,1607.36,0,0,21,4,0,2,60600,6060,12120,42420
10746,258,41,500,1042.25,0,44400,0,3,2,3,81240,6770,20310,54160
10747,255,39,500,1453.95,38200,0,17,3,0,3,29300,2930,5860,20510
10748,37,31,500,1969.63,0,0,21,3,1,1,76450,6950,13900,55600
10749,322,44,1000,1156.19,49900,62700,20,3,0,3,49400,9880,4940,34580
10750,204,38,2000,1124.47,0,45100,5,1,0,1,90530,16460,16460,57610
10751,76,31,500,1493.5,39900,44000,7,1,2,1,8030,1460,730,5840
10752,193,40,500,1155.38,34200,32300,6,1,0,0,63900,6390,6390,51120
10753,405,55,500,878.19,57100,0,2,4,0,2,38640,4830,4830,28980
10754,435,58,2000,1145.85,0,40000,19,3,1,1,41490,9220,4610,27660
10755,54,35,500,1261.28,68500,42100,21,3,2,0,79090,14380,7190,57520
10756,144,35,500,1427.46,0,0,3,3,0,0,87900,17580,8790,61530
10757,92,32,500,1592.41,58900,29100,22,1,2,3,53400,5340,5340,42720
10758,173,36,1000,1274.63,51000,0,22,1,2,3,52030,9460,9460,33110
10759,436,60,500,1362.31,67600,65300,16,1,0,2,82060,14920,7460,59680
10760,155,35,1000,919.37,83600,0,0,1,0,3,48360,8060,8060,32240
10761,78,31,1000,1377.23,72600,0,1,3,2,1,52290,5810,11620,34860
10762,440,57,1000,995.55,51500,52100,19,3,0,3,68200,12400,12400,43400
10763,264,43,500,1508.12,0,0,0,3,2,1,60750,13500,6750,40500
10764,66,30,500,484.67,21100,60800,2,3,0,2,65560,11920,11920,41720
10765,366,50,1000,1561.41,21200,0,5,3,1,3,70290,12780,12780,44730
10766,188,37,500,1457.21,46300,0,6,1,2,0,45000,5000,5000,35000
10767,224,39,1000,1128.71,0,47100,21,3,2,1,61800,12360,6180,43260
10768,253,46,500,1358.2,52900,0,11,3,0,0,64570,5870,11740,46960
10769,446,61,1000,1232.79,49900,62100,3,1,2,0,70500,7050,14100,49350
10770,169,37,1000,936.19,70600,48500,4,3,2,1,57900,17370,5790,34740
10771,255,46,500,1302.34,0,52600,2,3,1,0,57860,5260,10520,42080
10772,209,39,500,1264.99,67800,0,22,1,1,1,37800,8400,4200,25200
10773,210,37,500,1467.76,38700,33100,8,1,1,3,63300,6330,6330,50640
10774,174,33,2000,1124.43,0,0,14,3,0,1,44200,8840,4420,30940
10775,70,28,1000,1319.81,67200,59400,14,4,1,0,31680,3520,3520,24640
10776,89,32,2000,1482.53,49100,45100,5,1,1,2,100,10,20,70
10777,458,61,1000,1328.18,53000,0,18,1,2,1,56340,6260,6260,43820
10778,239,40,500,1463.95,0,0,20,3,0,0,69740,6340,6340,57060
10779,161,38,2000,1133.85,60200,0,0,3,2,2,60480,5040,15120,40320
10780,446,61,1000,1037.32,0,15700,1,3,2,1,80880,6740,13480,60660
10781,476,61,1000,1562.8,42800,68200,10,1,1,2,49390,8980,4490,35920
10782,70,29,1000,1425.79,62400,52300,12,1,0,3,69360,11560,11560,46240
10783,233,41,2000,1615.14,67100,0,6,1,0,1,3740,680,680,2380
10784,122,33,500,1236.5,0,48700,1,1,0,1,5060,460,920,3680
10785,335,48,2000,1017.97,59900,34800,21,3,0,0,35860,3260,6520,26080
10786,257,40,2000,1306,46100,46900,3,3,2,1,50050,7700,3850,38500
10787,85,27,2000,1174.14,50400,61500,14,4,0,0,59070,10740,5370,42960
10788,133,30,1000,1231.01,0,31700,19,3,1,2,28440,3160,3160,22120
10789,119,34,500,1299.18,57100,0,7,1,2,1,45540,8280,8280,28980
10790,169,34,500,1469.75,0,57600,0,1,0,0,38700,7740,3870,27090
10791,225,39,500,1390.72,83900,52100,6,1,2,1,5830,1060,530,4240
10792,84,32,500,1694.09,0,0,0,1,0,2,57240,4770,9540,42930
10793,169,39,2000,1140.15,0,36800,9,3,0,3,46200,4200,8400,33600
10794,124,32,1000,1310.71,29300,0,23,1,0,1,57700,5770,5770,46160
10795,320,48,2000,1730.49,46300,41700,13,3,2,0,56160,4680,9360,42120
10796,297,47,500,1616.65,0,59500,0,3,0,3,44400,5550,5550,33300
10797,421,56,500,1935.85,49500,81100,7,1,2,3,92730,16860,8430,67440
10798,136,33,1000,855.14,37900,0,23,1,0,1,30700,3070,6140,21490
10799,46,24,2000,1568.47,46800,0,7,1,2,0,56600,11320,5660,39620
10800,34,24,2000,1550.53,0,27700,20,1,0,1,3960,660,660,2640
10801,95,30,2000,1370.92,48900,0,22,1,0,3,34800,3480,6960,24360
10802,140,36,500,1363.59,43200,0,10,3,2,0,79500,7950,7950,63600
10803,200,34,1000,828.42,0,0,10,1,2,2,56000,5600,5600,44800
10804,123,29,500,1209.63,64800,44200,17,1,1,0,73260,16280,0,56980
10805,267,46,2000,1111.17,35000,0,3,1,2,3,4950,900,450,3600
10806,290,42,500,989.97,32500,0,10,1,0,1,48000,4800,9600,33600
10807,45,37,1000,1114.23,0,0,1,1,0,1,52200,10440,5220,36540
10808,186,38,2000,1347.31,80900,111100,1,3,2,3,73800,12300,12300,49200
10809,135,34,2000,1687.53,0,69600,7,1,1,2,78200,15640,7820,54740
10810,110,33,1000,1183.48,0,0,19,1,2,3,55200,13800,9200,32200
10811,259,43,2000,1537.13,0,58300,3,3,0,2,57060,6340,6340,44380
10812,114,30,1000,1173.25,0,34700,3,1,0,3,4680,520,520,3640
10813,404,56,1000,1361.16,0,63700,23,1,2,0,53100,5310,5310,42480
10814,282,48,2000,1422.56,26900,55300,7,1,1,2,3520,640,320,2560
10815,57,25,2000,1143.06,63100,54100,0,3,0,1,72900,14580,14580,43740
10816,215,38,500,1405.71,0,0,10,1,0,1,70700,7070,14140,49490
10817,140,30,500,1354.2,100500,0,4,4,0,0,60170,5470,10940,43760
10818,250,42,500,1055.6,69500,40700,16,1,1,1,74800,13600,6800,54400
10819,286,41,1000,999.43,25800,0,3,1,2,0,4100,820,410,2870
10820,356,47,2000,1155.97,0,0,5,1,0,3,61490,5590,11180,44720
10821,65,29,1000,1726.91,0,0,14,1,0,0,7200,720,1440,5040
10822,187,34,500,1232.57,59500,0,7,3,0,0,45100,8200,4100,32800
10823,386,53,500,1078.65,36800,0,16,1,2,3,66660,12120,6060,48480
10824,197,41,1000,1324.78,0,64500,6,1,2,2,76400,15280,7640,53480
10825,166,37,500,1518.54,0,0,10,1,1,1,58300,10600,10600,37100
10826,293,49,2000,1239.06,34900,0,19,1,1,1,57310,5210,10420,41680
10827,179,32,2000,1246.68,0,0,10,1,0,1,53100,5900,5900,41300
10828,76,24,1000,1622.67,0,0,6,3,1,1,74700,14940,7470,52290
10829,105,28,500,1082.36,0,0,12,3,2,2,60500,12100,6050,42350
10830,97,26,1000,1270.55,0,72100,10,3,2,3,84920,7720,15440,61760
10831,148,36,1000,1236.32,55100,0,0,1,2,0,61050,5550,11100,44400
10832,77,26,2000,785.82,49700,0,12,3,2,0,69080,12560,6280,50240
10833,295,46,500,1265.84,52200,44500,10,1,1,3,4560,760,380,3420
10834,126,28,500,1508.9,0,0,3,4,0,1,67800,11300,11300,45200
10835,132,32,2000,1106.84,43100,31900,21,1,1,1,5600,1120,560,3920
10836,370,55,2000,1389.13,0,53200,6,1,0,2,9000,900,1800,6300
10837,257,43,1000,974.84,52100,0,0,1,0,1,85320,21330,7110,56880
10838,9,24,2000,1304.46,51700,33300,6,1,0,3,5940,540,1080,4320
10839,185,34,500,1257.36,0,0,20,3,1,1,51370,9340,4670,37360
10840,234,43,500,1257.04,0,48800,4,1,2,2,51600,10320,5160,36120
10841,253,44,2000,719.52,45800,0,9,1,0,3,5400,600,600,4200
10842,233,39,2000,1524.18,0,0,20,3,1,0,48870,5430,5430,38010
10843,274,44,500,1395.58,0,0,7,1,2,1,5590,860,860,3870
10844,297,48,1000,1243.68,0,71400,18,3,0,2,54960,6870,0,48090
10845,273,47,1000,1189.04,59600,0,0,3,1,3,39800,7960,3980,27860
10846,147,37,2000,1375.29,0,0,11,3,0,1,56160,6240,6240,43680
10847,285,42,500,1389.13,63100,79400,13,1,0,3,52700,5270,10540,36890
10848,289,43,1000,1387.51,0,0,19,3,1,3,68580,7620,7620,53340
10849,427,60,1000,1178.61,0,54400,23,1,1,2,90860,12980,19470,58410
10850,380,53,2000,1166.62,0,0,23,1,0,3,5700,570,570,4560
10851,13,21,1000,1556.31,0,75000,19,3,2,0,94930,8630,8630,77670
10852,282,43,500,1452.27,75800,0,19,1,1,2,46800,4680,9360,32760
10853,312,47,1000,1212.07,66900,51800,17,3,2,3,56320,7040,7040,42240
10854,266,46,2000,1578.54,0,41400,18,1,1,3,83490,7590,15180,60720
10855,30,36,500,1488.26,0,63500,17,3,2,2,57900,5790,5790,46320
10856,198,36,1000,1096.39,0,0,11,3,1,3,49410,5490,5490,38430
10857,290,45,2000,1215.36,54400,0,22,3,0,1,66200,6620,6620,52960
10858,260,46,2000,1482.57,35000,0,7,1,0,1,64080,10680,10680,42720
10859,233,43,1000,954.18,0,0,17,3,2,3,42500,8500,4250,29750
10860,130,30,2000,1193.4,0,40800,16,3,2,3,48950,8900,4450,35600
10861,230,42,1000,1023.11,0,45300,13,3,1,2,58850,10700,10700,37450
10862,212,40,1000,1524.45,73200,0,17,3,0,2,82400,8240,8240,65920
10863,299,44,1000,1653.32,0,48800,3,1,2,0,54240,6780,6780,40680
10864,91,26,1000,1022.46,52700,0,15,3,0,2,74200,7420,7420,59360
10865,398,53,2000,1396.43,21500,0,16,1,2,1,47430,5270,5270,36890
10866,218,43,500,1521.55,61100,64500,18,1,1,3,68200,13640,6820,47740
10867,152,33,1000,1034.27,0,0,18,1,1,0,63900,7100,7100,49700
10868,212,39,1000,1255.35,60300,58900,22,2,0,3,59300,11860,5930,41510
10869,242,44,2000,1396.89,0,61600,15,3,1,2,66900,6690,13380,46830
10870,80,27,500,795.31,0,51000,16,3,1,3,40810,3710,7420,29680
10871,260,43,500,982.22,54500,72100,18,1,1,0,75400,15080,7540,52780
10872,133,34,500,1074.07,70900,61100,8,1,2,0,4200,420,840,2940
10873,290,45,1000,1311.3,38500,0,23,3,0,0,52650,5850,5850,40950
10874,322,49,2000,1277.12,0,46000,18,1,0,2,42240,7680,7680,26880
10875,228,39,500,1388.62,35200,0,10,1,1,0,59490,6610,6610,46270
10876,195,37,1000,1406.52,0,0,12,1,0,2,44200,4420,4420,35360
10877,247,39,500,1558.29,0,49300,5,1,1,2,7700,770,1540,5390
10878,405,57,1000,1132.47,46300,0,21,3,2,3,61440,10240,10240,40960
10879,144,37,2000,1896.91,73700,0,17,3,1,3,54400,5440,10880,38080
10880,338,47,500,1143.46,0,0,4,1,2,1,58560,9760,9760,39040
10881,121,34,500,1285.42,0,0,11,1,1,1,67300,6730,6730,53840
10882,398,55,2000,1305.26,66200,49700,18,1,1,3,36740,3340,6680,26720
10883,9,30,1000,1073.83,0,0,12,1,0,0,85690,15580,15580,54530
10884,115,31,1000,1051.67,0,0,18,3,0,3,34160,0,4270,29890
10885,280,48,1000,1387.35,0,72000,16,1,2,2,61320,10220,10220,40880
10886,254,45,500,1083.64,59800,0,19,3,0,0,79680,13280,13280,53120
10887,141,30,1000,1851.78,78800,0,13,1,1,0,61740,6860,6860,48020
10888,441,55,500,1270.29,24000,50500,4,1,0,0,6400,640,640,5120
10889,381,55,500,1459.99,35900,0,8,1,1,2,60600,12120,6060,42420
10890,191,38,2000,1253.44,0,0,19,3,2,0,56320,10240,5120,40960
10891,145,34,1000,1142.48,0,0,18,1,2,0,52250,9500,4750,38000
10892,479,60,1000,1188.45,0,44800,9,2,0,3,53900,5390,10780,37730
10893,215,35,1000,1125.4,40000,43400,6,1,2,1,2640,220,440,1980
10894,41,33,500,1294.41,0,0,8,1,0,0,8970,1380,1380,6210
10895,45,31,500,1459.5,0,0,6,1,1,3,6000,1000,1000,4000
10896,156,38,500,1367.99,26500,0,23,3,0,3,55200,11040,5520,38640
10897,246,45,500,1594.37,0,0,13,1,0,3,7260,660,1320,5280
10898,178,39,500,1035.99,0,0,3,3,2,0,64680,11760,11760,41160
10899,237,43,500,911.53,53200,0,23,1,0,1,59200,0,11840,47360
10900,127,34,500,1319.97,73700,0,8,1,1,3,4700,470,940,3290
10901,1,33,2000,1391.63,61200,0,23,1,0,3,69400,6940,6940,55520
10902,5,21,500,915.41,0,0,23,1,0,0,40500,4050,4050,32400
10903,64,28,1000,1468.82,56800,51800,9,3,2,1,60000,5000,10000,45000
10904,142,30,500,1412.76,66400,63700,22,1,2,3,67320,11220,11220,44880
10905,97,27,500,1588.26,56700,49300,22,3,2,1,75690,8410,8410,58870
10906,121,31,1000,1140.91,51300,0,15,3,1,2,64300,6430,6430,51440
10907,225,43,1000,1517.54,0,20900,16,3,2,0,64400,6440,6440,51520
10908,425,53,2000,912.29,42900,39100,17,3,1,2,97080,16180,16180,64720
10909,285,44,2000,1144.3,52600,0,3,1,1,0,5500,500,500,4500
10910,192,38,1000,1281.43,65100,50300,10,3,0,2,30700,3070,6140,21490
10911,285,48,2000,1101.85,46100,0,9,1,1,2,33480,3720,3720,26040
10912,98,26,2000,1082.1,0,30900,13,2,0,1,65430,14540,7270,43620
10913,175,36,500,1185.44,44900,52500,15,3,2,1,42680,3880,7760,31040
10914,259,45,2000,1175.07,30100,0,23,1,1,1,87780,7980,7980,71820
10915,140,36,2000,979.26,0,67000,2,4,0,2,72800,14560,14560,43680
10916,231,37,500,920.81,0,0,14,1,2,0,71190,0,7910,63280
10917,186,38,500,922.85,70300,70900,7,1,1,1,3600,400,400,2800
10918,229,41,2000,1107.59,65400,0,23,1,1,3,62640,10440,10440,41760
10919,180,36,500,1272.46,0,0,7,3,2,1,69630,12660,6330,50640
10920,188,33,1000,1340.24,0,68800,8,3,1,0,76010,13820,6910,55280
10921,214,40,1000,1648,57700,43500,17,1,1,0,44220,8040,4020,32160
10922,178,38,500,1381.14,0,0,10,3,0,3,57200,5200,10400,41600
10923,55,35,500,1198.44,0,0,9,1,0,3,3080,560,560,1960
10924,90,31,2000,951.27,42100,0,2,1,1,0,75790,13780,6890,55120
10925,135,30,2000,1341.24,37100,46500,18,3,0,1,32670,5940,2970,23760
10926,277,46,2000,1177.57,0,65500,4,1,2,3,3870,430,860,2580
10927,211,38,1000,1055.09,0,0,12,1,0,3,91520,8320,16640,66560
10928,156,32,500,1479.48,0,0,15,1,1,3,74690,6790,13580,54320
10929,84,30,2000,1827.38,0,15900,9,1,1,3,4620,420,840,3360
10930,136,32,500,1169.62,0,0,6,1,0,0,55000,10000,10000,35000
10931,310,48,500,1516.34,11000,0,11,4,0,2,59400,13200,6600,39600
10932,123,34,2000,1270.21,16100,61200,13,3,1,1,55260,6140,0,49120
10933,243,44,500,809.11,33200,0,4,3,2,1,51400,5140,10280,35980
10934,36,37,1000,1115.81,0,59800,20,3,1,3,48780,5420,10840,32520
10935,146,31,1000,1457.65,0,0,0,3,1,3,52380,5820,5820,40740
10936,154,34,1000,1041.36,53100,43900,18,4,2,3,74360,13520,13520,47320
10937,204,40,1000,1693.83,44000,20800,6,1,1,0,53400,5340,5340,42720
10938,458,59,1000,1685.69,31400,0,23,1,2,2,71800,14360,14360,43080
10939,147,31,500,1054.92,51900,0,4,1,0,0,68240,8530,0,59710
10940,279,45,2000,1333.97,61100,30700,21,3,1,0,61050,11100,11100,38850
10941,308,47,1000,1013.61,45700,41400,7,1,1,1,5590,860,860,3870
10942,284,48,500,958.3,47900,0,19,3,0,0,46860,8520,8520,29820
10943,108,31,2000,1112.04,52800,54300,5,1,1,3,4290,780,780,2730
10944,421,57,2000,1206.26,69900,0,22,3,0,0,78500,15700,7850,54950
10945,266,42,1000,763.67,12800,49700,12,1,1,3,70830,7870,7870,55090
10946,412,56,500,1042.56,0,66100,19,3,0,2,68040,15120,7560,45360
10947,31,32,2000,1263.48,46800,87300,10,1,2,0,63600,5300,10600,47700
10948,465,63,500,1006.99,0,0,7,1,0,3,43560,4840,4840,33880
10949,126,31,1000,1328.26,42300,45800,17,1,1,1,60840,13520,6760,40560
10950,407,55,1000,1250.08,0,57700,0,3,2,3,68160,11360,11360,45440
10951,101,27,500,982.7,30800,43700,9,1,1,0,5170,940,470,3760
10952,187,37,1000,1412.06,60100,0,21,1,0,3,57700,5770,5770,46160
10953,252,46,2000,1066.7,0,0,22,3,0,2,89520,14920,14920,59680
10954,229,43,2000,1585.54,42600,44400,3,1,1,0,4620,420,840,3360
10955,246,39,1000,1416.08,0,36600,16,1,0,3,45180,5020,5020,35140
10956,190,38,500,1246.03,61900,50000,14,1,0,0,45100,9020,4510,31570
10957,95,32,2000,1356.64,67800,48600,21,3,0,3,83160,15120,15120,52920
10958,205,42,2000,1387.7,0,0,19,1,2,1,86130,15660,15660,54810
10959,41,25,1000,1004.14,35400,0,13,3,1,3,48000,9600,4800,33600
10960,137,35,500,1107.07,0,45300,21,1,0,0,3300,600,600,2100
10961,194,34,500,1429.96,67800,0,11,3,1,2,57200,11440,5720,40040
10962,128,35,1000,1074.99,0,48800,16,1,2,0,7590,1380,690,5520
10963,150,37,1000,1007,30400,89400,9,1,0,2,80080,12320,12320,55440
10964,104,30,500,1052.85,0,70100,8,1,0,0,4800,960,480,3360
10965,163,37,1000,1200.33,0,36400,7,1,2,1,3900,390,780,2730
10966,80,26,1000,1343,64600,0,12,1,0,0,90400,9040,9040,72320
10967,65,29,2000,1441.6,0,0,21,3,0,0,62900,6290,12580,44030
10968,179,32,1000,1433.42,53800,0,4,1,1,2,54200,5420,10840,37940
10969,372,50,2000,1368.57,0,0,18,3,2,2,51800,5180,10360,36260
10970,398,55,500,862.19,69400,0,7,1,2,3,6600,600,1200,4800
10971,213,35,500,871.46,58500,77700,13,1,2,0,74140,13480,6740,53920
10972,79,25,500,1863.04,53400,35200,0,1,2,1,67800,13560,6780,47460
10973,232,44,2000,1181.64,25800,0,22,1,1,1,55400,5540,11080,38780
10974,230,37,1000,1060.74,0,51500,15,1,2,3,49100,9820,4910,34370
10975,234,41,500,951.56,59400,78600,3,3,2,1,98280,15120,7560,75600
10976,240,40,500,1533.71,0,70900,18,2,0,2,66550,6050,12100,48400
10977,143,33,1000,1200.09,38400,5700,17,3,2,2,70400,14080,7040,49280
10978,266,42,500,1093.83,0,49600,18,3,1,1,53280,4440,8880,39960
10979,89,32,1000,988.93,27600,0,11,1,2,3,84590,15380,15380,53830
10980,229,37,1000,1331.94,0,55400,17,1,0,2,54560,9920,9920,34720
10981,245,40,1000,1361.45,39300,0,12,1,0,2,82170,7470,7470,67230
10982,50,44,2000,1188.51,0,65800,15,3,1,2,61100,6110,12220,42770
10983,230,43,2000,1101.83,28900,0,0,3,0,3,51900,5190,10380,36330
10984,17,39,1000,840.95,32500,80800,9,1,2,1,3440,430,430,2580
10985,163,36,1000,1503.21,55700,49900,1,1,2,1,51390,5710,11420,34260
10986,29,32,1000,1722.5,0,21500,22,1,0,2,76900,7690,7690,61520
10987,232,42,500,944.03,0,58400,11,1,2,3,77000,15400,7700,53900
10988,235,39,2000,1453.61,0,0,10,1,0,3,60320,9280,9280,41760
10989,295,46,500,1672.88,0,0,5,1,1,1,60700,12140,6070,42490
10990,22,21,1000,1248.05,37500,54000,3,3,1,2,53280,5920,0,47360
10991,286,43,500,1564.43,77500,32800,18,1,2,2,34290,3810,3810,26670
10992,257,44,1000,1280.88,59400,32200,21,1,0,1,46980,0,5220,41760
10993,94,26,500,722.66,50300,0,6,3,1,2,36700,3670,7340,25690
10994,124,28,1000,1235.14,0,32100,20,3,0,1,60200,6020,6020,48160
10995,141,30,1000,1347.04,0,82100,6,1,1,2,6480,540,1080,4860
10996,3,38,1000,1310.8,0,0,20,1,0,1,87200,17440,8720,61040
10997,285,41,1000,1436.79,70900,0,23,1,2,3,108480,18080,18080,72320
10998,130,34,500,1383.49,35100,0,4,3,2,3,67500,7500,7500,52500
10999,458,62,2000,1356.92,0,0,2,1,0,1,46980,5220,5220,36540
11000,456,60,1000,766.19,0,0,6,1,0,3,5060,460,920,3680
